#group	X10	X100	X101	X102	X103	X104	X105	X106	X107	X108	X109	X11	X110	X111	X112	X113	X114	X115	X116	X117	X118	X119	X12	X120	X121	X122	X123	X124	X125	X126	X127	X128	X129	X13	X130	X131	X132	X133	X134	X135	X14	X15	X16	X17	X18	X19	X2	X20	X21	X22	X23	X24	X25	X26	X27	X28	X29	X3	X30	X31	X32	X33	X34	X35	X36	X37	X38	X39	X4	X40	X41	X42	X43	X44	X45	X46	X47	X48	X49	X5	X50	X51	X52	X53	X54	X55	X56	X57	X58	X59	X6	X60	X61	X62	X63	X64	X65	X66	X67	X68	X69	X7	X70	X71	X72	X73	X74	X75	X76	X77	X78	X79	X8	X80	X81	X82	X83	X84	X85	X86	X87	X88	X89	X9	X90	X91	X92	X93	X94	X95	X96	X97	X98	X99
methanotrophy	0	0	0	0	0	0	0	0.004447739066	0	0	0.0003539823009	0.0006778129236	0	0	0.003533568905	0	0	0	0	0	0	0	0.001971275697	0	0.009824198552	0.0004258943782	0.001816530427	0.001282051282	0	0.00656167979	0.004111466423	0	0	0.001140250855	0.0008064516129	0.0006816632584	0.001606425703	0	0	0	0.0002092487968	0.0004303851947	0	0.0007840062721	0	0	0.0003944773176	0.0008082440897	0	0	0	0.0002204099625	0	0	0.0006738544474	0	0	0	0.0002621231979	0.002985074627	0.001358695652	0	0	0	0	0.0008291873964	0	0	0	0.002761795167	0.0005464480874	0	0	0	0	0	0.0006045949214	0	0	0	0.001351351351	0.003718624109	0.0004159733777	0	0	0.0005549389567	0.02086049544	0.002024291498	0.0007304601899	0	0.0002981514609	0.000429000429	0.004624277457	0.006926406926	0	0	0	0	0	0	0	0.001706484642	0	0.0005611672278	0.001088731628	0.00228050171	0	0	0.015625	0.01315789474	0	0	0	0.0008675534991	0	0.001166180758	0.0027605245	0	0.0002732987155	0.007150153218	0.002079002079	0	0.008474576271	0	0.008746355685	0	0	0	0	0	0	0	0	0.001755926251
acetoclastic_methanogenesis	0	0	0	0	0	0	0	0	0	0	0	0	0	0	0	0	0	0	0	0	0	0	0	0	0	0	0	0	0	0	0	0	0	0	0	0	0	0	0	0	0	0	0	0	0	0	0	0	0	0	0	0	0	0	0	0	0	0	0	0	0	0	0	0	0	0	0	0	0	0	0	0	0	0	0	0	0	0	0	0	0	0	0	0	0	0	0	0	0	0	0	0	0	0	0	0	0	0	0	0	0	0	0	0	0	0	0	0	0	0	0	0	0	0	0	0	0	0	0	0	0	0	0	0	0	0	0	0	0	0	0	0	0	0
methanogenesis_by_disproportionation_of_methyl_groups	0	0	0	0	0	0	0	0	0	0	0	0	0	0	0	0	0	0	0	0	0	0	0	0	0	0	0	0	0	0	0	0	0	0	0	0	0	0	0	0	0	0	0	0	0	0	0	0	0	0	0	0	0	0	0	0	0	0	0	0	0	0	0	0	0	0	0	0	0	0	0	0	0	0	0	0	0	0	0	0	0	0	0	0	0	0	0	0	0	0	0	0	0	0	0	0	0	0	0	0	0	0	0	0	0	0	0	0	0	0	0	0	0	0	0	0	0	0	0	0	0	0	0	0	0	0	0	0	0	0	0	0	0	0
methanogenesis_using_formate	0	0	0	0	0	0	0	0	0	0	0	0	0	0	0	0	0	0	0	0	0	0	0	0	0	0	0	0	0	0	0	0	0	0	0	0	0	0	0	0	0	0	0	0	0	0	0	0	0	0	0	0	0	0	0	0	0	0	0	0	0	0	0	0	0	0	0	0	0	0	0	0	0	0	0	0	0	0	0	0	0	0	0	0	0	0	0	0	0	0	0	0	0	0	0	0	0	0	0	0	0	0	0	0	0	0	0	0	0	0	0	0	0	0	0	0	0	0	0	0	0	0	0	0	0	0	0	0	0	0	0	0	0	0
methanogenesis_by_CO2_reduction_with_H2	0	0	0	0	0	0	0	0	0	0	0	0	0	0	0	0	0	0	0	0	0	0	0	0	0	0	0	0	0	0	0	0	0	0	0	0	0	0	0	0	0.0004184975936	0	0	0	0	0	0	0	0	0	0.0006642311524	0	0	0	0	0.0009220839096	0.001147446931	0	0	0	0	0	0	0	0	0	0	0	0	0	0	0	0	0	0	0	0	0	0	0	0	0	0	0	0	0	0	0	0	0	0	0	0	0	0	0	0	0	0	0	0	0	0	0	0	0	0	0	0	0	0	0	0	0	0	0	0	0	0	0	0	0	0	0	0	0	0	0	0	0	0	0	0	0
methanogenesis_by_reduction_of_methyl_compounds_with_H2	0	0	0	0	0	0	0	0	0	0	0	0	0	0	0	0	0	0	0	0	0	0	0	0	0	0	0	0	0	0	0	0	0	0	0	0	0	0	0	0	0	0	0	0	0	0	0	0	0	0	0	0	0	0	0	0	0	0	0	0	0	0	0	0	0	0	0	0	0	0	0	0	0	0	0	0	0	0	0	0	0	0	0	0	0	0	0	0	0	0	0	0	0	0	0	0	0.001050420168	0	0	0	0	0	0.0004624277457	0	0	0	0	0.002166377816	0	0	0	0	0	0	0	0	0	0	0	0	0	0	0	0	0	0	0	0	0	0	0	0	0	0
hydrogenotrophic_methanogenesis	0	0	0	0	0	0	0	0	0	0	0	0	0	0	0	0	0	0	0	0	0	0	0	0	0	0	0	0	0	0	0	0	0	0	0	0	0	0	0	0	0.0004184975936	0	0	0	0	0	0	0	0	0	0.0006642311524	0	0	0	0	0.0009220839096	0.001147446931	0	0	0	0	0	0	0	0	0	0	0	0	0	0	0	0	0	0	0	0	0	0	0	0	0	0	0	0	0	0	0	0	0	0	0	0	0	0	0	0.001050420168	0	0	0	0	0	0.0004624277457	0	0	0	0	0.002166377816	0	0	0	0	0	0	0	0	0	0	0	0	0	0	0	0	0	0	0	0	0	0	0	0	0	0
methanogenesis	0	0	0	0	0	0	0	0	0	0	0	0	0	0	0	0	0	0	0	0	0	0	0	0	0	0	0	0	0	0	0	0	0	0	0	0	0	0	0	0	0.0004184975936	0	0	0	0	0	0	0	0	0	0.0006642311524	0	0	0	0	0.0009220839096	0.001147446931	0	0	0	0	0	0	0	0	0	0	0	0	0	0	0	0	0	0	0	0	0	0	0	0	0	0	0	0	0	0	0	0	0	0	0	0	0	0	0	0.001050420168	0	0	0	0	0	0.0004624277457	0	0	0	0	0.002166377816	0	0	0	0	0	0	0	0	0	0	0	0	0	0	0	0	0	0	0	0	0	0	0	0	0	0
methanol_oxidation	0.0004357298475	0.006485084306	0	0.0007716049383	0	0.007171671896	0.002313743637	0.002223869533	0	0	0.006017699115	0.0004518752824	0.003584643848	0.001605136437	0	0	0.002851323829	0.0007932910245	0	0.0007418397626	0	0.003833865815	0	0.02055800294	0.003619441572	0.0008517887564	0.0009082652134	0	0	0.002624671916	0	0	0	0.0003800836184	0	0.00408997955	0	0	0.001028806584	0	0.0002092487968	0.006025392726	0	0	0	0	0	0.0002020610224	0	0	0	0.001542869738	0	0	0	0	0.002294893861	0	0.01887287025	0	0	0	0.0009532888465	0	0.0002753303965	0	0	0	0.0003790750569	0.002991944764	0	0	0.004099480732	0.00689241834	0.0006273525721	0	0.0006045949214	0.000570450656	0	0	0.001351351351	0	0	0	0	0.0005549389567	0	0	0.00146092038	0	0	0.009438009438	0	0	0	0.001891551072	0.003676470588	0	0.0005373455132	0	0	0	0	0	0	0	0	0.007365684575	0	0	0	0.008435072142	0	0.01445922499	0	0	0	0.01824534161	0.001639792293	0.0005107252298	0	0	0	0	0	0.004553215709	0	0	0.001270110076	0.004736343543	0.00110864745	0.001556420233	0	0
methylotrophy	0.0004357298475	0.006485084306	0	0.0007716049383	0	0.007171671896	0.002313743637	0.006671608599	0	0	0.006371681416	0.001129688206	0.003584643848	0.001605136437	0.003533568905	0	0.002851323829	0.0007932910245	0	0.0007418397626	0	0.003833865815	0.001971275697	0.02055800294	0.01344364012	0.001277683135	0.00272479564	0.001282051282	0	0.009186351706	0.004111466423	0	0	0.001520334474	0.0008064516129	0.004771642808	0.001606425703	0	0.001028806584	0	0.0004184975936	0.006455777921	0	0.0007840062721	0	0	0.0003944773176	0.001010305112	0	0	0	0.0017632797	0	0	0.0006738544474	0	0.002294893861	0	0.01913499345	0.002985074627	0.001358695652	0	0.0009532888465	0	0.0002753303965	0.0008291873964	0	0	0.0003790750569	0.005753739931	0.0005464480874	0	0.004099480732	0.00689241834	0.0006273525721	0	0.001209189843	0.000570450656	0	0	0.002702702703	0.003718624109	0.0004159733777	0	0	0.001109877913	0.02086049544	0.002024291498	0.00219138057	0	0.0002981514609	0.009867009867	0.004624277457	0.006926406926	0	0.001891551072	0.004726890756	0	0.0005373455132	0	0	0.001706484642	0.0004624277457	0.0005611672278	0.001088731628	0.00228050171	0	0.009532062392	0.015625	0.01315789474	0	0.008435072142	0	0.01532677848	0	0.001166180758	0.0027605245	0.01824534161	0.001913091008	0.007660878447	0.002079002079	0	0.008474576271	0	0.008746355685	0.004553215709	0	0	0.001270110076	0.004736343543	0.00110864745	0.001556420233	0	0.001755926251
aerobic_ammonia_oxidation	0.0006535947712	0.1093817553	0.02273560689	0.04861111111	0.2099184783	0.01972209771	0.08468301712	0.03928836175	0.07881773399	0.1103179753	0.05415929204	0.007907817442	0.004278445883	0.0733012306	0.1325088339	0.1782857143	0.04399185336	0.002379873073	0.01985932975	0.08308605341	0.1253122398	0.007028753994	0.006195437905	0.004894762604	0.01499482937	0.01320272572	0.10626703	0.1429487179	0.1848036059	0.03149606299	0.02512562814	0.07663125948	0.06785558939	0.002660585329	0.06209677419	0.02999318337	0.06506024096	0.2776456599	0.09979423868	0.2285410011	0.0002092487968	0.0002151925974	0.001810282404	0.003332026656	0.006417112299	0.0007874015748	0.006706114398	0.0004041220449	0.006092916984	0.0262295082	0.001660577881	0.0002204099625	0	0.009166666667	0.002358490566	0.01337021669	0	0.01641867624	0.001834862385	0.04776119403	0.1025815217	0.03242542153	0.008102955195	0.002763703363	0.006057268722	0.007739082366	0.03402854007	0	0.002653525398	0.0006904487917	0.004918032787	0.004273504274	0.003279584586	0.00119868145	0.0004182350481	0.01072124756	0.02176541717	0.04449515117	0.0338664158	0.0009045680687	0.05135135135	0.004028509452	0.01164725458	0.06069534473	0.01117318436	0.009988901221	0.01955671447	0.03340080972	0.0438276114	0.03905674282	0.007155635063	0.001287001287	0.0119460501	0.02683982684	0.04119850187	0.03720050441	0.001050420168	0.03324808184	0.02794196668	0.03125	0.01623376623	0.005546075085	0.003930635838	0.01571268238	0.01850843767	0.0433295325	0.04093567251	0.001733102253	0.02604166667	0.01315789474	0.04259259259	0	0.001770538244	0	0	0.03032069971	0.03933747412	0.003881987578	0.01475813064	0.01327885598	0.01975051975	0.0408825438	0.0593220339	0	0.01967930029	0.05577689243	0.07268007787	0.2251602564	0.1206604572	0.08999052731	0.06374722838	0.05369649805	0.1359447005	0.06584723442
aerobic_nitrite_oxidation	0	0.001297016861	0.001100110011	0	0	0	0	0	0	0	0	0.0006778129236	0	0	0	0	0	0	0.0008274720728	0	0	0	0.0002816108139	0	0	0	0	0	0.005151320026	0	0	0.0007587253414	0.0004349717268	0	0.01532258065	0	0	0	0.0006858710562	0.0002129925453	0	0	0	0	0.003743315508	0	0	0	0.000761614623	0.004098360656	0	0	0	0	0	0.001383125864	0	0.01231400718	0	0	0	0.0006485084306	0.0009532888465	0	0	0	0	0	0	0.001150747986	0	0.000328731098	0	0	0.000209117524	0	0.0006045949214	0.001140901312	0	0.0004522840344	0.002027027027	0.0006197706848	0.0008319467554	0.001178550383	0	0	0	0	0	0.001473839352	0.002981514609	0	0	0	0	0.001891551072	0	0	0	0	0	0.002986348123	0	0.001683501684	0.001088731628	0.003420752566	0.001299545159	0.0004332755633	0	0	0	0	0	0	0	0	0	0	0	0.0005107252298	0	0	0	0	0	0	0.0019467878	0	0	0	0.0044345898	0.0046692607	0	0.001755926251
nitrification	0.0006535947712	0.1106787722	0.02383571691	0.04861111111	0.2099184783	0.01972209771	0.08468301712	0.03928836175	0.07881773399	0.1103179753	0.05415929204	0.008585630366	0.004278445883	0.0733012306	0.1325088339	0.1782857143	0.04399185336	0.002379873073	0.02068680182	0.08308605341	0.1253122398	0.007028753994	0.006477048719	0.004894762604	0.01499482937	0.01320272572	0.10626703	0.1429487179	0.1899549259	0.03149606299	0.02512562814	0.07738998483	0.06829056111	0.002660585329	0.07741935484	0.02999318337	0.06506024096	0.2776456599	0.1004801097	0.2287539936	0.0002092487968	0.0002151925974	0.001810282404	0.003332026656	0.01016042781	0.0007874015748	0.006706114398	0.0004041220449	0.006854531607	0.03032786885	0.001660577881	0.0002204099625	0	0.009166666667	0.002358490566	0.01475334255	0	0.02873268343	0.001834862385	0.04776119403	0.1025815217	0.03307392996	0.009056244042	0.002763703363	0.006057268722	0.007739082366	0.03402854007	0	0.002653525398	0.001841196778	0.004918032787	0.004602235371	0.003279584586	0.00119868145	0.0006273525721	0.01072124756	0.02237001209	0.04563605248	0.0338664158	0.001356852103	0.05337837838	0.004648280136	0.01247920133	0.06187389511	0.01117318436	0.009988901221	0.01955671447	0.03340080972	0.0438276114	0.04053058217	0.01013714967	0.001287001287	0.0119460501	0.02683982684	0.04119850187	0.03909205549	0.001050420168	0.03324808184	0.02794196668	0.03125	0.01623376623	0.008532423208	0.003930635838	0.01739618406	0.0195971693	0.04675028506	0.04223521767	0.002166377816	0.02604166667	0.01315789474	0.04259259259	0	0.001770538244	0	0	0.03032069971	0.03933747412	0.003881987578	0.01475813064	0.01378958121	0.01975051975	0.0408825438	0.0593220339	0	0.01967930029	0.05577689243	0.07462686567	0.2251602564	0.1206604572	0.08999052731	0.06818181818	0.05836575875	0.1359447005	0.06760316067
sulfate_respiration	0.202832244	0.008214440121	0	0.002314814815	0.002038043478	0.005378753922	0.01203146691	0.03484062268	0.04644616467	0.06554185594	0.07646017699	0.05784003615	0.004394079556	0	0.0167844523	0.02628571429	0.00366598778	0.003286491387	0	0	0.004995836803	0.006389776358	0.1061672768	0.01468428781	0.01758014478	0.1247870528	0.1121707539	0.05576923077	0.03541532518	0.001968503937	0.02832343536	0.09787556904	0.06872553284	0.1330292664	0.05161290323	0.001363326517	0.01204819277	0.01724137931	0.004801097394	0.0249201278	0.2148985143	0.197761997	0.1716147719	0.2091336731	0.1352941176	0.2031496063	0.2023668639	0.2109517074	0.02932216299	0.06803278689	0.2032547326	0.2023363456	0.1620689655	0.1695833333	0.201819407	0.1678192716	0.140562249	0.1426372499	0.08125819135	0.0447761194	0.008831521739	0.08300907912	0.1453765491	0.1759557807	0.1963105727	0.1865671642	0.1772777168	0.2369477912	0.1986353298	0.04787111623	0.1857923497	0.1969099277	0.1350095655	0.01917890321	0.1900878294	0.2443144899	0.1856106409	0.126069595	0.09971777987	0.1515151515	0.08310810811	0.1595909513	0.1934276206	0.1160872127	0.1547486034	0.1564927858	0.001303780965	0.004048582996	0.05478451424	0.09358879882	0.09332140727	0.1063921064	0.1610789981	0.05627705628	0.1229712859	0.1027742749	0.07300420168	0.1534526854	0.1252015046	0.1875	0.1363636364	0.09641638225	0.2328323699	0.1172839506	0.1235710397	0.1077537058	0.1117608837	0.113084922	0	0.06578947368	0.08209876543	0.005327413984	0.1742209632	0.003759398496	0.3333333333	0.1096209913	0.08833678399	0.003881987578	0.01120524734	0.04749744637	0.08004158004	0.09344581441	0.08898305085	0.1909949165	0.0612244898	0.001138303927	0.001297858533	0.0008012820513	0.007197290432	0.01073571203	0.002771618625	0.006225680934	0.003072196621	0.01668129939
sulfur_respiration	0.000871459695	0.003026372676	0.000733406674	0	0.02173913043	0.03047960556	0.04627487274	0.003706449222	0.005629838142	0.03763789747	0.01132743363	0.001355625847	0.0001156336725	0.0005350454789	0.007950530035	0.032	0.03421588595	0.001699909338	0	0	0.08534554538	0.005111821086	0.001689664883	0	0.02378490176	0.002555366269	0.01680290645	0.02628205128	0.02318094012	0.01902887139	0.02375513933	0.03186646434	0.02653327534	0.0003800836184	0.008064516129	0.001363326517	0.0265060241	0.01248513674	0.01886145405	0.002342917998	0.001255492781	0.0002151925974	0.006517016655	0	0.02834224599	0.002624671916	0.002366863905	0	0.003427265804	0.01229508197	0.002989040186	0.0008816398501	0.006896551724	0.006666666667	0	0.002766251729	0.002294893861	0.01949717804	0.003931847969	0.008955223881	0.02309782609	0.07263294423	0.01811248808	0.007369875633	0.001651982379	0.0229408513	0.009879253568	0.0004724781479	0.001895375284	0.000920598389	0.00737704918	0.000328731098	0.003279584586	0	0.0006273525721	0.006172839506	0.006650544135	0.01711351968	0.02445907808	0.0009045680687	0.01216216216	0.009296560273	0.009567387687	0.01119622864	0.01396648045	0.003884572697	0	0.009109311741	0.04528853178	0.03831982314	0.0008944543828	0.007722007722	0.01271676301	0.02510822511	0.03308364544	0.02711223203	0.002100840336	0	0.005373455132	0.01041666667	0.01623376623	0.004692832765	0.004393063584	0.02300785634	0.01741970604	0.03534777651	0.02079272255	0.002166377816	0.02604166667	0.01258581236	0.02037037037	0.0004439511654	0	0.001735106998	0	0.004664723032	0.01518288475	0	0.007925662749	0.01991828396	0.01143451143	0.02660609994	0.01694915254	0.005083514887	0.01239067055	0	0.0019467878	0.01121794872	0.006350550381	0.001263024945	0.003880266075	0.0046692607	0.003840245776	0.009657594381
dark_sulfite_oxidation	0	0	0	0	0	0	0	0.0007412898443	0	0	0	0.004292815183	0	0.0005350454789	0	0	0	0	0.0004137360364	0	0	0	0.0005632216277	0	0.001034126163	0.001703577513	0	0	0	0.001312335958	0.0004568296026	0	0	0.0007601672368	0	0	0	0	0	0	0	0	0.001448225923	0	0	0	0.001183431953	0	0.01789794364	0.0008196721311	0	0	0	0.0008333333333	0	0	0	0	0.0002621231979	0.005970149254	0.00339673913	0.0006485084306	0	0	0.001101321586	0	0	0	0.0003790750569	0.0006904487917	0.005464480874	0	0.0002732987155	0	0.0004182350481	0	0	0	0	0	0	0.0009296560273	0.0004159733777	0	0	0	0.01694915254	0	0	0	0.00327966607	0	0.001156069364	0	0	0	0.000525210084	0	0.0005373455132	0	0	0.0004266211604	0	0	0	0	0	0	0.01041666667	0.002860411899	0	0	0	0	0	0	0	0	0.000546597431	0.005107252298	0	0	0	0	0	0	0	0	0	0	0.001662971175	0	0	0
sulfite_respiration	0.001525054466	0	0	0	0	0	0	0.001482579689	0	0	0	0.004970628107	0	0	0	0.004571428571	0.0008146639511	0	0	0	0	0	0.002534497325	0	0.001034126163	0.002129471891	0.0004541326067	0.000641025641	0	0	0	0.001517450683	0.002174858634	0.004941087039	0	0	0	0	0	0.0002129925453	0.0008369951873	0.001075962987	0.01520637219	0.01940415523	0.001604278075	0.0002624671916	0.00315581854	0	0.001904036558	0.0008196721311	0.001660577881	0.0008816398501	0	0.001666666667	0.001010781671	0.0004610419548	0.0005737234653	0.004617752694	0.0002621231979	0.00223880597	0	0.001297016861	0.003336510963	0	0.006607929515	0.006080707573	0.001646542261	0.001299314907	0.0003790750569	0	0.01639344262	0.008547008547	0.003826182017	0	0.001882057716	0.01169590643	0.01209189843	0.005134055904	0	0.0004522840344	0	0.0204524326	0.01622296173	0.004124926341	0.005027932961	0.001109877913	0	0	0	0.001473839352	0.01520572451	0.001716001716	0.0119460501	0.006926406926	0.001248439451	0.000630517024	0	0.002557544757	0.005373455132	0	0	0.008959044369	0	0.008978675645	0.01088731628	0.003990877993	0.001299545159	0	0	0.008581235698	0.0006172839506	0	0.0007082152975	0	0	0.008163265306	0.0006901311249	0	0	0.003064351379	0.01975051975	0.0006489292667	0	0.002178649237	0.01166180758	0	0.0006489292667	0	0	0	0	0	0	0
thiosulfate_respiration	0	0	0	0	0	0	0	0	0	0	0	0.002033438771	0	0	0	0	0	0	0.0004137360364	0	0	0	0.0002816108139	0	0.0005170630817	0	0	0	0	0	0	0	0	0	0	0	0	0	0	0	0.0002092487968	0.0002151925974	0.005430847212	0	0	0	0	0	0.000761614623	0	0	0.0008816398501	0	0	0.0006738544474	0	0	0.001539250898	0	0	0	0	0	0	0.001376651982	0.00221116639	0	0.001299314907	0.0003790750569	0	0.003005464481	0	0	0	0.0006273525721	0.003898635478	0.006045949214	0.002281802624	0	0	0	0.01425472575	0.009983361065	0.0005892751915	0.001117318436	0	0	0	0	0	0.0008944543828	0	0.003468208092	0.002597402597	0	0	0	0.002557544757	0.001074691026	0	0	0.001706484642	0.006936416185	0.005611672278	0.005443658138	0.0005701254276	0	0	0	0	0	0	0	0	0	0	0.0006901311249	0	0	0.00102145046	0.003118503119	0	0	0	0	0	0	0	0	0	0	0	0	0
respiration_of_sulfur_compounds	0.2037037037	0.0112408128	0.000733406674	0.002314814815	0.02377717391	0.03585835948	0.05830633966	0.03854707191	0.05207600281	0.1031797534	0.08778761062	0.059195662	0.004509713228	0.0005350454789	0.02473498233	0.05828571429	0.03788187373	0.004986400725	0.0004137360364	0	0.09034138218	0.01150159744	0.1078569417	0.01468428781	0.04188210962	0.1273424191	0.1289736603	0.08205128205	0.05859626529	0.02099737533	0.05207857469	0.1297420334	0.09525880818	0.1334093501	0.05967741935	0.002726653033	0.03855421687	0.02972651605	0.02366255144	0.02726304579	0.2161540071	0.1979771896	0.1781317886	0.2091336731	0.1636363636	0.2057742782	0.2047337278	0.2109517074	0.03274942879	0.08032786885	0.2062437728	0.2032179855	0.1689655172	0.17625	0.201819407	0.1705855233	0.1428571429	0.1621344279	0.08519003932	0.05373134328	0.03192934783	0.1556420233	0.1634890372	0.1833256564	0.1979625551	0.2095080155	0.1871569704	0.2374202693	0.2005307051	0.04879171461	0.1931693989	0.1972386588	0.13828915	0.01917890321	0.1907151819	0.2504873294	0.192261185	0.1431831147	0.1241768579	0.1524197196	0.09527027027	0.1688875116	0.2029950083	0.1272834414	0.1687150838	0.1603773585	0.001303780965	0.01315789474	0.100073046	0.131908622	0.09421586166	0.1141141141	0.1737957611	0.08138528139	0.1560549313	0.1298865069	0.07510504202	0.1534526854	0.1305749597	0.1979166667	0.1525974026	0.101109215	0.2441618497	0.140291807	0.1409907458	0.1431014823	0.1325536062	0.1152512998	0.02604166667	0.07837528604	0.1024691358	0.00577136515	0.1742209632	0.005494505495	0.3333333333	0.1142857143	0.1035196687	0.003881987578	0.01913091008	0.06741573034	0.09147609148	0.1200519143	0.1059322034	0.1960784314	0.07361516035	0.001138303927	0.003244646334	0.01201923077	0.01354784081	0.01199873698	0.006651884701	0.01089494163	0.006912442396	0.02633889377
arsenate_detoxification	0	0	0	0	0	0	0	0	0	0	0	0	0	0	0	0	0	0	0	0	0	0	0	0	0	0	0	0	0	0	0	0	0	0	0	0	0	0	0	0	0	0	0	0	0	0	0	0	0	0	0	0	0	0	0	0	0	0	0	0	0	0	0	0	0	0	0	0	0	0	0	0	0	0	0	0	0	0	0	0	0	0	0	0	0	0	0	0	0	0	0	0	0	0	0	0	0	0	0	0	0	0	0	0	0	0	0	0	0	0	0	0	0	0	0	0	0	0	0	0	0	0	0	0	0	0	0	0	0	0	0	0	0	0
arsenate_respiration	0	0	0	0	0	0	0	0	0	0	0	0	0	0	0	0	0	0	0	0	0	0	0	0	0	0	0	0	0	0	0	0	0	0	0	0	0	0	0	0	0	0	0	0	0	0	0	0	0	0	0	0	0	0	0	0	0	0	0	0	0	0	0	0	0	0	0	0	0	0	0	0	0	0	0	0	0	0	0	0	0	0	0	0	0	0	0	0	0	0	0	0	0	0	0	0	0	0	0	0	0	0	0	0	0	0	0	0	0	0	0	0	0	0	0	0	0	0	0	0	0	0	0	0	0	0	0	0	0	0	0	0	0	0
dissimilatory_arsenate_reduction	0	0	0	0	0	0	0	0	0	0	0	0	0	0	0	0	0	0	0	0	0	0	0	0	0	0	0	0	0	0	0	0	0	0	0	0	0	0	0	0	0	0	0	0	0	0	0	0	0	0	0	0	0	0	0	0	0	0	0	0	0	0	0	0	0	0	0	0	0	0	0	0	0	0	0	0	0	0	0	0	0	0	0	0	0	0	0	0	0	0	0	0	0	0	0	0	0	0	0	0	0	0	0	0	0	0	0	0	0	0	0	0	0	0	0	0	0	0	0	0	0	0	0	0	0	0	0	0	0	0	0	0	0	0
arsenite_oxidation_detoxification	0	0	0	0	0	0	0	0	0	0	0	0	0	0	0	0	0	0	0	0	0	0	0	0	0	0	0	0	0	0	0	0	0	0	0	0	0	0	0	0	0	0	0	0	0	0	0	0	0	0	0	0	0	0	0	0	0	0	0	0	0	0	0	0	0	0	0	0	0	0	0	0	0	0	0	0	0	0	0	0	0	0	0	0	0	0	0	0	0	0	0	0	0	0	0	0	0	0	0	0	0	0	0	0	0	0	0	0	0	0	0	0	0	0	0	0	0	0	0	0	0	0	0	0	0	0	0	0	0	0	0	0	0	0
arsenite_oxidation_energy_yielding	0	0	0	0	0	0	0	0	0	0	0	0	0	0	0	0	0	0	0	0	0	0	0	0	0	0	0	0	0	0	0	0	0	0	0	0	0	0	0	0	0	0	0	0	0	0	0	0	0	0	0	0	0	0	0	0	0	0	0	0	0	0	0	0	0	0	0	0	0	0	0	0	0	0	0	0	0	0	0	0	0	0	0	0	0	0	0	0	0	0	0	0	0	0	0	0	0	0	0	0	0	0	0	0	0	0	0	0	0	0	0	0	0	0	0	0	0	0	0	0	0	0	0	0	0	0	0	0	0	0	0	0	0	0
dissimilatory_arsenite_oxidation	0	0	0	0	0	0	0	0	0	0	0	0	0	0	0	0	0	0	0	0	0	0	0	0	0	0	0	0	0	0	0	0	0	0	0	0	0	0	0	0	0	0	0	0	0	0	0	0	0	0	0	0	0	0	0	0	0	0	0	0	0	0	0	0	0	0	0	0	0	0	0	0	0	0	0	0	0	0	0	0	0	0	0	0	0	0	0	0	0	0	0	0	0	0	0	0	0	0	0	0	0	0	0	0	0	0	0	0	0	0	0	0	0	0	0	0	0	0	0	0	0	0	0	0	0	0	0	0	0	0	0	0	0	0
anammox	0	0.004755728491	0	0	0	0	0	0	0	0	0	0	0	0	0	0	0	0	0	0	0	0	0	0	0	0	0	0	0	0	0	0	0	0	0	0	0	0	0	0	0	0	0	0	0	0	0	0	0	0	0	0	0	0	0	0	0	0	0	0	0	0	0	0	0	0	0	0	0	0.001611047181	0	0	0	0	0	0	0	0	0	0	0	0	0	0	0	0	0	0	0	0	0	0	0	0	0	0	0	0	0	0	0	0	0	0	0	0	0	0	0	0	0	0	0	0	0	0	0	0	0	0	0	0	0	0	0	0	0	0	0	0	0	0	0	0
nitrate_denitrification	0.0004357298475	0.006485084306	0	0.003086419753	0	0.007171671896	0.002313743637	0.002223869533	0	0	0.006017699115	0.0004518752824	0.003584643848	0.001605136437	0	0	0.002851323829	0.0007932910245	0	0.0007418397626	0	0.003833865815	0	0.02055800294	0.003619441572	0.001277683135	0.0009082652134	0.001282051282	0.001287830006	0.002624671916	0.0004568296026	0	0	0.0003800836184	0.003225806452	0.004771642808	0	0	0.001371742112	0	0.0002092487968	0.006025392726	0	0	0	0	0	0.0002020610224	0	0	0	0.001542869738	0	0	0	0	0.002294893861	0	0.01887287025	0	0	0	0.0009532888465	0	0	0	0	0	0.0003790750569	0.002991944764	0	0	0.004099480732	0.00689241834	0.0006273525721	0	0.0006045949214	0.000570450656	0	0	0.001351351351	0	0	0	0	0.0005549389567	0	0	0.00146092038	0	0	0.009438009438	0	0	0	0.001891551072	0.003676470588	0	0.0005373455132	0	0	0	0	0.001122334456	0	0	0	0.007365684575	0	0	0	0.008435072142	0	0.01445922499	0	0	0	0.01824534161	0.001639792293	0.0005107252298	0	0	0	0	0	0.004553215709	0	0	0.001270110076	0.004736343543	0.001662971175	0.001556420233	0	0
nitrite_denitrification	0.0004357298475	0.006485084306	0	0.003086419753	0	0.007171671896	0.002313743637	0.002223869533	0	0	0.006017699115	0.0004518752824	0.003584643848	0.001605136437	0	0	0.002851323829	0.0007932910245	0	0.0007418397626	0	0.003833865815	0	0.02055800294	0.003619441572	0.001277683135	0.0009082652134	0.001282051282	0.001287830006	0.002624671916	0.0004568296026	0	0	0.0003800836184	0.003225806452	0.004771642808	0	0	0.001371742112	0	0.0002092487968	0.006025392726	0	0	0	0	0	0.0002020610224	0	0	0	0.001542869738	0	0	0	0	0.002294893861	0	0.01887287025	0	0	0	0.0009532888465	0	0	0	0	0	0.0003790750569	0.002991944764	0	0	0.004099480732	0.00689241834	0.0006273525721	0	0.0006045949214	0.000570450656	0	0	0.001351351351	0	0	0	0	0.0005549389567	0	0	0.00146092038	0	0	0.009438009438	0	0	0	0.001891551072	0.003676470588	0	0.0005373455132	0	0	0	0	0.001122334456	0	0	0	0.007365684575	0	0	0	0.008435072142	0	0.01445922499	0	0	0	0.01824534161	0.001639792293	0.0005107252298	0	0	0	0	0	0.004553215709	0	0	0.001270110076	0.004736343543	0.001662971175	0.001556420233	0	0
nitrous_oxide_denitrification	0	0	0	0	0	0	0	0	0	0	0	0	0	0	0	0	0	0	0	0	0	0	0	0	0	0	0	0	0	0	0	0	0	0	0	0	0	0	0	0	0	0	0	0	0	0	0	0	0	0	0	0	0	0	0	0	0	0	0	0	0	0	0	0	0	0	0	0	0	0	0	0	0	0	0	0	0	0	0	0	0	0	0	0	0	0	0	0	0	0	0	0	0	0	0	0	0	0	0	0	0	0	0	0	0	0	0	0	0	0	0	0	0	0	0	0	0	0	0	0	0	0	0	0	0	0	0	0	0	0	0	0	0	0
denitrification	0.0004357298475	0.006485084306	0	0.003086419753	0	0.007171671896	0.002313743637	0.002223869533	0	0	0.006017699115	0.0004518752824	0.003584643848	0.001605136437	0	0	0.002851323829	0.0007932910245	0	0.0007418397626	0	0.003833865815	0	0.02055800294	0.003619441572	0.001277683135	0.0009082652134	0.001282051282	0.001287830006	0.002624671916	0.0004568296026	0	0	0.0003800836184	0.003225806452	0.004771642808	0	0	0.001371742112	0	0.0002092487968	0.006025392726	0	0	0	0	0	0.0002020610224	0	0	0	0.001542869738	0	0	0	0	0.002294893861	0	0.01887287025	0	0	0	0.0009532888465	0	0	0	0	0	0.0003790750569	0.002991944764	0	0	0.004099480732	0.00689241834	0.0006273525721	0	0.0006045949214	0.000570450656	0	0	0.001351351351	0	0	0	0	0.0005549389567	0	0	0.00146092038	0	0	0.009438009438	0	0	0	0.001891551072	0.003676470588	0	0.0005373455132	0	0	0	0	0.001122334456	0	0	0	0.007365684575	0	0	0	0.008435072142	0	0.01445922499	0	0	0	0.01824534161	0.001639792293	0.0005107252298	0	0	0	0	0	0.004553215709	0	0	0.001270110076	0.004736343543	0.001662971175	0.001556420233	0	0
chitinolysis	0	0.00345871163	0.002200220022	0.001543209877	0.001358695652	0	0.00185099491	0.003706449222	0.007037297678	0.0006489292667	0.001061946903	0	0.001040703053	0.03745318352	0.001766784452	0	0.02851323829	0.0004533091568	0.001241208109	0.007418397626	0.03705245629	0.001597444089	0	0	0.02068252327	0.007666098807	0.003633060854	0.007692307692	0.00193174501	0.01312335958	0.00182731841	0.001517450683	0.01435406699	0	0.008064516129	0.02794819359	0.01044176707	0	0.005144032922	0.007667731629	0	0	0	0	0	0	0	0	0.006092916984	0	0	0	0	0	0	0	0	0	0	0	0	0	0	0	0	0	0	0	0	0	0	0	0	0	0	0	0.0006045949214	0.000570450656	0	0	0	0	0.0004159733777	0	0	0	0.007170795306	0	0.0007304601899	0	0	0	0.001156069364	0	0	0	0	0	0	0	0	0	0	0	0.001088731628	0.001710376283	0	0	0	0.009725400458	0.001234567901	0	0	0.0005783689994	0	0.001166180758	0.00138026225	0	0.0002732987155	0.004596527068	0.002079002079	0.0006489292667	0	0	0.003644314869	0.01593625498	0.0058403634	0.002403846154	0	0.003157562362	0.00110864745	0.003112840467	0.006912442396	0.0008779631255
knallgas_bacteria	0	0	0	0	0	0	0	0	0	0	0	0	0	0	0	0	0	0	0	0	0	0	0	0	0	0	0	0	0	0	0	0	0	0	0	0	0	0	0	0	0	0	0	0	0	0	0	0	0	0	0	0	0	0	0	0	0	0	0	0	0	0	0	0	0	0	0	0	0	0	0	0	0	0	0	0	0	0	0	0	0	0	0	0	0	0	0	0	0	0	0	0	0	0	0	0	0	0	0	0	0	0	0	0	0	0	0	0	0	0	0	0	0	0	0	0	0	0	0	0	0	0	0	0	0	0	0	0	0	0	0	0	0	0
dark_hydrogen_oxidation	0.1104575163	0.01297016861	0	0.003086419753	0.002038043478	0.01120573734	0.0134197131	0.03558191253	0.04433497537	0.06294613887	0.07610619469	0.0515137822	0.006128584644	0.001605136437	0.0167844523	0.016	0.005702647658	0.002606527652	0	0.0007418397626	0.004995836803	0.007028753994	0.08955223881	0.0283896231	0.02016546019	0.1222316865	0.1089918256	0.05256410256	0.03348358017	0.004593175853	0.02740977615	0.09408194234	0.06611570248	0.1030026606	0.03870967742	0.005453306067	0.01204819277	0.01367419738	0.005829903978	0.02406815761	0.1337099812	0.117064773	0.1321506155	0.1797334379	0.1165775401	0.1430446194	0.1767258383	0.1749848454	0.02817974105	0.05901639344	0.1584191299	0.1562706634	0.1172413793	0.1579166667	0.1856469003	0.132780083	0.09064830752	0.110312981	0.07103538663	0.04104477612	0.008831521739	0.06549935149	0.1201143947	0.1110087517	0.1709801762	0.1603095633	0.1470911087	0.1820222065	0.1508718726	0.03060989643	0.1606557377	0.16765286	0.1115058759	0.02307461792	0.147636972	0.2313190383	0.1511487304	0.1180832858	0.0714957667	0.09859791949	0.06891891892	0.1391385187	0.1851081531	0.09546258103	0.1329608939	0.09600443951	0.001303780965	0.004048582996	0.05624543462	0.08327192336	0.07364341085	0.06735306735	0.1502890173	0.04935064935	0.1161048689	0.0737704918	0.04569327731	0.1534526854	0.1149919398	0.171875	0.09848484848	0.07935153584	0.1988439306	0.108305275	0.1099618944	0.09749144812	0.0987654321	0.06239168111	0	0.05720823799	0.08086419753	0.01376248613	0.1494334278	0.01821862348	0.3333333333	0.09795918367	0.08557625949	0.02290372671	0.01120524734	0.04392236977	0.06133056133	0.08890330954	0.07203389831	0.1103848947	0.04883381924	0.005691519636	0.0006489292667	0.0008012820513	0.007620660457	0.01389327439	0.006097560976	0.01556420233	0.003072196621	0.01668129939
nitrogen_fixation	0.0004357298475	0.002161694769	0.006967363403	0.0007716049383	0	0	0.0004627487274	0.001482579689	0.001407459536	0.0006489292667	0.0007079646018	0.0009037505648	0.0001156336725	0.002140181915	0	0	0.0008146639511	0.0002266545784	0.0008274720728	0.002225519288	0	0	0.007603491974	0	0.002068252327	0.00468483816	0	0.001923076923	0.00193174501	0	0.00182731841	0.001517450683	0	0.004561003421	0	0	0	0.000594530321	0.0003429355281	0.0002129925453	0.0006277463905	0.001506348182	0.001448225923	0.000392003136	0.003743315508	0	0.01025641026	0	0.01789794364	0.01393442623	0.002324809034	0.0008816398501	0	0	0.006401617251	0.008759797142	0.002294893861	0.007183170857	0.001048492792	0.01044776119	0.002038043478	0.005188067445	0.00285986654	0.002303086135	0.003579295154	0.0008291873964	0.01152579583	0	0.002653525398	0.02048331415	0.001092896175	0.004602235371	0.00847226018	0.00119868145	0.0006273525721	0.001624431449	0.003022974607	0.001140901312	0.002822201317	0	0	0.004028509452	0.002495840266	0.004124926341	0	0.00166481687	0.005215123859	0.02226720648	0.005843681519	0.008843036109	0.001490757305	0.000429000429	0.002312138728	0.01298701299	0.006242197253	0.007566204288	0.000525210084	0	0.003761418592	0	0.002164502165	0.002986348123	0.0002312138728	0.007295173962	0.005988023952	0.007981755986	0.003248862898	0.0008665511265	0	0	0.001851851852	0.0006659267481	0.002124645892	0.0005783689994	0	0.001749271137	0.002070393375	0.0007763975155	0.0002732987155	0.003064351379	0.009355509356	0.001297858533	0	0	0.0007288629738	0	0.002595717067	0.0008012820513	0	0.0006315124724	0.009423503326	0.0140077821	0.00153609831	0
nitrate_ammonification	0	0	0	0	0	0	0	0	0	0	0	0	0	0	0	0	0	0	0	0	0	0	0	0	0	0	0	0	0	0	0	0	0	0	0	0	0	0	0	0	0	0	0	0	0	0	0	0	0	0	0	0	0	0	0	0	0	0	0	0	0	0	0	0	0	0	0	0	0	0	0	0	0	0	0	0	0	0	0	0	0	0	0	0	0	0	0	0	0	0	0	0	0	0	0	0	0	0	0	0	0	0	0	0	0	0	0	0	0	0	0	0	0	0	0	0	0	0	0	0	0	0	0	0	0	0	0	0	0	0	0	0	0	0
nitrite_ammonification	0	0	0	0	0	0	0	0	0	0	0	0	0	0	0	0	0	0	0	0	0	0	0	0	0	0	0	0	0	0	0	0	0	0	0	0	0	0	0	0	0	0	0	0	0	0	0	0	0	0	0	0	0	0	0	0	0	0	0	0	0	0	0	0	0	0	0	0	0	0	0	0	0	0	0	0	0	0	0	0	0	0	0	0	0	0	0	0	0	0	0	0	0	0	0	0	0	0	0	0	0	0	0	0	0	0	0	0	0	0	0	0	0	0	0	0	0	0	0	0	0	0	0	0	0	0	0	0	0	0	0	0	0	0
nitrite_respiration	0.0004357298475	0.0112408128	0	0.003086419753	0	0.007171671896	0.002313743637	0.002223869533	0	0	0.006017699115	0.0004518752824	0.003584643848	0.001605136437	0	0	0.002851323829	0.0007932910245	0	0.0007418397626	0	0.003833865815	0	0.02055800294	0.003619441572	0.001277683135	0.0009082652134	0.001282051282	0.001287830006	0.002624671916	0.0004568296026	0	0	0.0003800836184	0.003225806452	0.004771642808	0	0	0.001371742112	0	0.0002092487968	0.006025392726	0	0	0	0	0	0.0002020610224	0	0	0	0.001542869738	0	0	0	0	0.002294893861	0	0.01887287025	0	0	0	0.0009532888465	0	0	0	0	0	0.0003790750569	0.004602991945	0	0	0.004099480732	0.00689241834	0.0006273525721	0	0.0006045949214	0.000570450656	0	0	0.001351351351	0	0	0	0	0.0005549389567	0	0	0.00146092038	0	0	0.009438009438	0	0	0	0.001891551072	0.003676470588	0	0.0005373455132	0	0	0	0	0.001122334456	0	0	0	0.007365684575	0	0	0	0.008435072142	0	0.01445922499	0	0	0	0.01824534161	0.001639792293	0.0005107252298	0	0	0	0	0	0.004553215709	0	0	0.001270110076	0.004736343543	0.001662971175	0.001556420233	0	0
cellulolysis	0	0.004323389537	0.004400440044	0.001543209877	0.005434782609	0	0.005552984729	0.008895478132	0.01688951443	0.003244646334	0.001061946903	0	0.001156336725	0.03263777421	0.002650176678	0	0.02851323829	0.0004533091568	0.003723624328	0.0118694362	0.03746877602	0.001597444089	0.0002816108139	0	0.01447776629	0.003833049404	0.00272479564	0.007692307692	0.00193174501	0.004593175853	0.002284148013	0.006069802731	0.01435406699	0	0.008064516129	0.03067484663	0.01204819277	0.001783590963	0.005144032922	0.008945686901	0.0006277463905	0	0.0007241129616	0	0	0	0	0	0.009520182788	0.0008196721311	0	0	0	0	0	0	0	0	0	0.001492537313	0.002717391304	0.002594033722	0	0	0.000550660793	0.0002763957988	0	0	0	0.0002301495972	0.0002732240437	0.0009861932939	0	0	0.001882057716	0.0009746588694	0.002418379686	0.003993154592	0	0	0	0	0.005823627288	0.0005892751915	0	0.002219755827	0.01303780965	0.008097165992	0.005113221329	0.001473839352	0	0	0.005780346821	0.01818181818	0.004369538077	0	0	0	0.001074691026	0	0	0	0.0002312138728	0.0005611672278	0.001088731628	0.003990877993	0	0.0004332755633	0.01041666667	0.01887871854	0.03888888889	0	0	0	0	0.0583090379	0.02277432712	0	0.001913091008	0.007150153218	0.02079002079	0.009733939001	0	0	0.007288629738	0.01935116676	0.009085009734	0.001602564103	0.0004233700254	0.003157562362	0.002771618625	0	0.006912442396	0.0008779631255
xylanolysis	0	0.004323389537	0.001100110011	0.0007716049383	0.002038043478	0	0.003239241092	0.001482579689	0.00633356791	0.0019467878	0.001061946903	0	0.001040703053	0.03210272873	0.001766784452	0	0.02851323829	0.0004533091568	0.002896152255	0.008160237389	0.03705245629	0.001597444089	0	0	0.01292657704	0.002555366269	0.00272479564	0.007051282051	0.00193174501	0.002624671916	0.0009136592051	0.001517450683	0.01391909526	0	0.008064516129	0.02726653033	0.009638554217	0.000594530321	0.005144032922	0.008945686901	0	0	0	0	0	0	0	0	0.006092916984	0	0	0	0	0	0	0	0	0	0	0	0	0	0	0	0	0	0	0	0	0	0	0	0	0	0	0	0.0006045949214	0.000570450656	0	0	0	0	0.0004159733777	0	0	0	0.007170795306	0	0.0007304601899	0	0	0	0.001156069364	0	0	0	0	0	0	0	0	0	0	0	0.001088731628	0.001710376283	0	0	0	0.008581235698	0.001234567901	0.0006659267481	0	0.0005783689994	0	0.001166180758	0.00138026225	0.0007763975155	0.0002732987155	0.005107252298	0.002079002079	0.0006489292667	0	0	0.003644314869	0.01821286283	0.005191434134	0.003205128205	0	0.003789074834	0.00110864745	0	0.009216589862	0.02809482002
dark_sulfide_oxidation	0	0.001729355815	0	0	0	0	0	0.002965159377	0	0	0.0003539823009	0	0.001040703053	0	0	0	0	0.0005666364461	0	0	0	0	0.0002816108139	0.0009789525208	0.0005170630817	0.009795570698	0	0.000641025641	0	0	0.0009136592051	0	0	0.001900418092	0.004838709677	0	0	0	0	0	0.0004184975936	0.0004303851947	0.001086169442	0.0007840062721	0	0.0002624671916	0.0003944773176	0	0	0	0.0003321155762	0.0002204099625	0	0	0	0.002305209774	0	0.0005130836326	0.0005242463958	0	0	0	0.0009532888465	0	0	0.0005527915976	0.001646542261	0	0.0007581501137	0.02071346375	0	0	0.000546597431	0	0.0004182350481	0	0	0	0	0.001809136137	0.0006756756757	0	0	0	0	0	0	0	0	0	0.0005963029219	0	0	0	0	0	0	0	0	0	0	0.0008532423208	0.0009248554913	0	0	0	0	0	0	0	0	0	0	0	0	0	0	0	0	0	0	0	0	0	0	0	0	0	0	0	0	0	0	0
dark_sulfur_oxidation	0	0	0	0	0	0	0	0.0007412898443	0	0	0	0.004292815183	0	0.0005350454789	0	0	0	0	0.0004137360364	0	0	0	0.0005632216277	0	0.001034126163	0.001703577513	0	0	0	0.001312335958	0.0004568296026	0	0	0.0007601672368	0	0	0	0	0	0	0	0	0.001448225923	0	0	0	0.001183431953	0	0.01789794364	0.0008196721311	0	0	0	0.0008333333333	0	0	0	0	0.0002621231979	0.005970149254	0.00339673913	0.0006485084306	0	0	0.001101321586	0	0	0	0.0003790750569	0.0006904487917	0.005464480874	0	0.0002732987155	0	0.0004182350481	0	0	0	0	0	0	0.0009296560273	0.0004159733777	0	0	0	0.01694915254	0	0	0	0.00327966607	0	0.001156069364	0	0	0	0.000525210084	0	0.0005373455132	0	0	0.0004266211604	0	0	0	0	0	0	0.01041666667	0.002860411899	0	0	0	0	0	0	0	0	0.000546597431	0.005107252298	0	0	0	0	0	0	0	0	0	0	0.001662971175	0	0	0
dark_thiosulfate_oxidation	0	0	0.002566923359	0	0	0	0	0	0.001407459536	0	0.0003539823009	0.0009037505648	0.001040703053	0	0	0	0	0	0	0	0	0	0.00366094058	0	0.0005170630817	0.002129471891	0	0.002564102564	0.00193174501	0	0.0009136592051	0.001517450683	0	0.004941087039	0.004838709677	0	0	0	0	0	0.0006277463905	0.0008607703895	0.002534395366	0.001176009408	0.003743315508	0.0002624671916	0.009861932939	0	0.001142421935	0.01229508197	0.001328462305	0.0002204099625	0	0	0.004716981132	0.007837713232	0	0.007696254489	0.0005242463958	0.00447761194	0	0.005188067445	0.003813155386	0.001381851681	0.001651982379	0.001381978994	0.01317233809	0	0.003032600455	0	0.0008196721311	0.002629848784	0.001093194862	0	0.0006273525721	0.001624431449	0.003022974607	0.000570450656	0.002822201317	0.001809136137	0.0006756756757	0.002169197397	0.002495840266	0.003535651149	0	0.00166481687	0.0006518904824	0.01619433198	0.005113221329	0.008843036109	0.002087060227	0	0.001541425819	0.008658008658	0.006242197253	0.007566204288	0.000525210084	0	0.003761418592	0	0.002164502165	0.003839590444	0.001156069364	0.003367003367	0.003266194883	0.006271379704	0.001949317739	0.0008665511265	0	0	0.001851851852	0	0.002124645892	0	0	0.001166180758	0.00138026225	0	0	0.00102145046	0.005197505198	0.0006489292667	0	0	0.0007288629738	0	0.002595717067	0	0	0.0006315124724	0.00332594235	0	0	0
dark_oxidation_of_sulfur_compounds	0	0.002594033722	0.002566923359	0	0	0	0	0.003706449222	0.001407459536	0	0.0003539823009	0.005196565748	0.001734505088	0.0005350454789	0	0	0	0.0005666364461	0.0004137360364	0	0	0	0.004224162208	0.0009789525208	0.002068252327	0.0136286201	0	0.002564102564	0.00193174501	0.001312335958	0.002284148013	0.001517450683	0	0.005701254276	0.004838709677	0	0	0	0	0	0.0006277463905	0.0008607703895	0.003982621289	0.001176009408	0.003743315508	0.0002624671916	0.01104536489	0	0.01904036558	0.0131147541	0.001328462305	0.0002204099625	0	0.0008333333333	0.004716981132	0.007837713232	0	0.007696254489	0.0007863695937	0.01044776119	0.00339673913	0.005836575875	0.003813155386	0.001381851681	0.002753303965	0.001381978994	0.01317233809	0	0.003411675512	0.02140391254	0.006284153005	0.002629848784	0.001366493577	0	0.00104558762	0.001624431449	0.003022974607	0.000570450656	0.002822201317	0.001809136137	0.0006756756757	0.003098853424	0.002911813644	0.003535651149	0	0.00166481687	0.01760104302	0.01619433198	0.005113221329	0.008843036109	0.005366726297	0	0.002697495183	0.008658008658	0.006242197253	0.007566204288	0.001050420168	0	0.004298764105	0	0.002164502165	0.004266211604	0.001156069364	0.003367003367	0.003266194883	0.006271379704	0.001949317739	0.0008665511265	0.01041666667	0.002860411899	0.001851851852	0	0.002124645892	0	0	0.001166180758	0.00138026225	0	0.000546597431	0.006128702758	0.005197505198	0.0006489292667	0	0	0.0007288629738	0	0.002595717067	0	0	0.0006315124724	0.004988913525	0	0	0
manganese_oxidation	0	0	0	0	0	0	0	0	0	0	0	0	0	0	0	0	0	0	0	0	0	0	0	0	0	0	0	0	0	0	0	0	0	0	0	0	0	0	0	0	0	0	0	0	0	0	0	0	0	0	0	0	0	0	0	0	0	0	0	0	0	0	0	0	0	0	0	0	0	0	0	0	0	0	0	0	0	0	0	0	0	0	0	0	0	0	0	0	0	0	0	0	0	0	0	0	0	0	0	0	0	0	0	0	0	0	0	0	0	0	0	0	0	0	0	0	0	0	0	0	0	0	0	0	0	0	0	0	0	0	0	0	0	0
manganese_respiration	0	0	0	0	0	0	0	0	0	0	0	0	0	0	0	0	0	0	0	0	0	0	0	0	0	0	0	0	0	0	0	0	0	0	0	0	0	0	0	0	0	0	0	0	0	0	0	0	0	0	0	0	0	0	0	0	0	0	0	0	0	0	0	0	0	0	0	0	0	0	0	0	0	0	0	0	0	0	0	0	0	0	0	0	0	0	0	0	0	0	0	0	0	0	0	0	0	0	0	0	0	0	0	0	0	0	0	0	0	0	0	0	0	0	0	0	0	0	0	0	0	0	0	0	0	0	0	0	0	0	0	0	0	0
ligninolysis	0	0	0	0	0	0	0	0	0	0	0	0	0	0	0	0	0	0	0	0	0	0	0	0	0	0	0	0	0	0	0	0	0	0	0	0	0	0	0	0	0	0	0	0	0	0	0	0	0	0	0	0	0	0	0	0	0	0	0	0	0	0	0	0	0	0	0	0	0	0	0	0	0	0	0	0	0	0	0	0	0	0	0	0	0	0	0	0	0	0	0	0	0	0	0	0	0	0	0	0	0	0	0	0	0	0	0	0	0	0	0	0	0	0	0	0	0	0	0	0	0	0	0	0	0	0	0	0	0	0	0	0	0	0
fermentation	0.03703703704	0.04885430177	0.008800880088	0.01234567901	0.02989130435	0.2142536979	0.05599259602	0.01408450704	0.0218156228	0.04542504867	0.0789380531	0.0103931315	0.1285846438	0.01337613697	0.005300353357	0.064	0.117311609	0.1457388939	0.03930492346	0.008902077151	0.08867610325	0.2332268371	0.01351731907	0.1355849241	0.0113753878	0.008517887564	0.02951861944	0.03269230769	0.02253702511	0.0124671916	0.007766103243	0.04248861912	0.06568073075	0.08361839605	0.02661290323	0.006134969325	0.01285140562	0.03448275862	0.08813443073	0.04153354633	0.01862314292	0.01420271143	0.02317161477	0.03116424931	0.0385026738	0.0186351706	0.01538461538	0.01414427157	0.01256664128	0.0237704918	0.02191962803	0.01719197708	0.05517241379	0.01416666667	0.009770889488	0.02535730751	0.0413080895	0.03591585428	0.08387942333	0.01791044776	0.009510869565	0.03631647211	0.06101048618	0.04191616766	0.02230176211	0.01879491432	0.02469813392	0.04842901016	0.01326762699	0.07940161105	0.03278688525	0.02531229454	0.05629953539	0.1729097992	0.01296528649	0.01851851852	0.01753325272	0.01996577296	0.03762935089	0.03301673451	0.02837837838	0.02881933685	0.02537437604	0.01767825575	0.03184357542	0.02941176471	0.005215123859	0.009109311741	0.0292184076	0.03389830508	0.02325581395	0.0459030459	0.01579961464	0.01385281385	0.02559300874	0.03909205549	0.05462184874	0.01023017903	0.01826974745	0	0.02922077922	0.02303754266	0.01780346821	0.0202020202	0.02014153511	0.03363740023	0.04158544509	0.02512998267	0	0.01887871854	0.01975308642	0.2683684795	0.01593484419	0.1214574899	0	0.01749271137	0.02001380262	0.1315993789	0.1093194862	0.01174668029	0.03118503119	0.02011680727	0.01694915254	0.04139433551	0.02259475219	0.03357996585	0.009085009734	0.01602564103	0.1820491109	0.07862330281	0.0155210643	0.0186770428	0.02764976959	0.01580333626
aerobic_chemoheterotrophy	0.01721132898	0.1923908344	0.3186651999	0.1867283951	0.1623641304	0.244285074	0.1832484961	0.1919940697	0.1463757917	0.1174561973	0.1461946903	0.07139629462	0.07909343201	0.2017121455	0.1704946996	0.08	0.13401222	0.05122393472	0.3479520066	0.2025222552	0.04787676936	0.2674121406	0.06364404393	0.2589329418	0.2254395036	0.1703577513	0.0740236149	0.06282051282	0.04764971024	0.2841207349	0.2914572864	0.09180576631	0.05915615485	0.05663245914	0.05403225806	0.2024539877	0.1807228916	0.09928656361	0.1179698217	0.1069222577	0.01506591337	0.02775984506	0.07458363505	0.024500196	0.1106951872	0.005774278215	0.04378698225	0.01192160032	0.204112719	0.1606557377	0.01727000996	0.01608992726	0.02068965517	0.07625	0.03605121294	0.04610419548	0.05737234653	0.03437660339	0.1074705111	0.1947761194	0.2364130435	0.1005188067	0.05243088656	0.04375863657	0.04735682819	0.1030956329	0.05323819978	0.0007087172218	0.03297952995	0.181127733	0.06092896175	0.03846153846	0.07871003006	0.2721006892	0.05541614387	0.03866146849	0.08585247884	0.1169423845	0.03480714958	0.01130710086	0.06148648649	0.123954137	0.07404326123	0.1054802593	0.0469273743	0.03995560488	0.2874837027	0.2317813765	0.1322132944	0.07074428887	0.07751937984	0.07293007293	0.1105973025	0.1541125541	0.07865168539	0.0447667087	0.1181722689	0.09846547315	0.1241268135	0.08333333333	0.04437229437	0.103668942	0.01595375723	0.1296296296	0.1072400653	0.08551881414	0.07212475634	0.03509532062	0.3072916667	0.1721967963	0.1055555556	0.2605993341	0.0269121813	0.3209947947	0	0.1037900875	0.1028295376	0.2368012422	0.08772888767	0.2420837589	0.1205821206	0.1245944192	0.07627118644	0.02033405955	0.1705539359	0.2418895845	0.2550292018	0.1939102564	0.1955969517	0.1073571203	0.2588691796	0.220233463	0.2419354839	0.07989464442
invertebrate_parasites	0	0	0	0	0	0	0	0	0	0	0	0	0	0	0	0	0	0	0	0	0	0	0	0	0	0	0	0	0	0	0	0	0	0	0	0	0	0	0	0	0	0	0	0	0	0	0	0	0	0	0	0	0	0	0	0	0	0	0	0	0	0	0	0	0	0	0	0	0	0	0	0	0	0	0	0	0	0	0	0	0	0	0	0	0	0	0	0	0	0	0	0	0	0	0	0	0	0	0	0	0	0	0	0	0	0	0	0	0	0	0	0	0	0	0	0	0	0	0	0	0	0	0	0	0	0	0	0	0	0	0	0	0	0
human_pathogens_septicemia	0	0	0	0	0	0	0	0	0	0	0	0	0	0	0	0	0	0	0	0	0	0	0	0	0	0	0	0	0	0	0	0	0	0	0	0	0	0	0	0	0	0	0	0	0	0	0	0	0	0	0	0	0	0	0	0	0	0	0	0	0	0	0	0	0	0	0	0	0	0	0	0	0	0	0	0	0	0	0	0	0	0	0	0	0	0	0	0	0	0	0	0	0	0	0	0	0	0	0	0	0	0	0	0	0	0	0	0	0	0	0	0	0	0	0	0	0	0	0	0	0	0	0	0	0	0	0	0	0	0	0	0	0	0
human_pathogens_pneumonia	0	0	0	0	0	0	0	0	0	0	0	0	0	0	0	0	0	0	0	0	0	0	0	0	0	0	0	0	0	0	0	0	0	0	0	0	0	0	0	0	0	0	0	0	0	0	0	0	0	0	0	0	0	0	0	0	0	0	0	0	0	0	0	0	0	0	0	0	0	0	0	0	0	0	0	0	0	0	0	0	0	0	0	0	0	0	0	0	0	0	0	0	0	0	0	0	0	0	0	0	0	0	0	0	0	0	0	0	0	0	0	0	0	0	0	0	0	0	0	0	0	0	0	0	0	0	0	0	0	0	0	0	0	0
human_pathogens_nosocomia	0	0	0	0	0	0	0	0	0	0	0	0	0	0	0	0	0	0	0	0	0	0	0	0	0	0	0	0	0	0	0	0	0	0	0	0	0	0	0	0	0	0	0	0	0	0	0	0	0	0	0	0	0	0	0	0	0	0	0	0	0	0	0	0	0	0	0	0	0	0	0	0	0	0	0	0	0	0	0	0	0	0	0	0	0	0	0	0	0	0	0	0	0	0	0	0	0	0	0	0	0	0	0	0	0	0	0	0	0	0	0	0	0	0	0	0	0	0	0	0	0	0	0	0	0	0	0	0	0	0	0	0	0	0
human_pathogens_meningitis	0	0	0	0	0	0	0	0	0	0	0	0	0	0	0	0	0	0	0	0	0	0	0	0	0	0	0	0	0	0	0	0	0	0	0	0	0	0	0	0	0	0	0	0	0	0	0	0	0	0	0	0	0	0	0	0	0	0	0	0	0	0	0	0	0	0	0	0	0	0	0	0	0	0	0	0	0	0	0	0	0	0	0	0	0	0	0	0	0	0	0	0	0	0	0	0	0	0	0	0	0	0	0	0	0	0	0	0	0	0	0	0	0	0	0	0	0	0	0	0	0	0	0	0	0	0	0	0	0	0	0	0	0	0
human_pathogens_gastroenteritis	0	0	0	0	0	0	0	0	0	0	0	0	0	0	0	0	0	0	0	0	0	0	0	0	0	0	0	0	0	0	0	0	0	0	0	0	0	0	0	0	0	0	0	0	0	0	0	0	0	0	0	0	0	0	0	0	0	0	0	0	0	0	0	0	0	0	0	0	0	0	0	0	0	0	0	0	0	0	0	0	0	0	0	0	0	0	0	0	0	0	0	0	0	0	0	0	0	0	0	0	0	0	0	0	0	0	0	0	0	0	0	0	0	0	0	0	0	0	0	0	0	0	0	0	0	0	0	0	0	0	0	0	0	0
human_pathogens_diarrhea	0	0	0	0	0	0	0	0	0	0	0	0	0	0	0	0	0	0	0	0	0	0	0	0	0	0	0	0	0	0	0	0	0	0	0	0	0	0	0	0	0	0	0	0	0	0	0	0	0	0	0	0	0	0	0	0	0	0	0	0	0	0	0	0	0	0	0	0	0	0	0	0	0	0	0	0	0	0	0	0	0	0	0	0	0	0	0	0	0	0	0	0	0	0	0	0	0	0	0	0	0	0	0	0	0	0	0	0	0	0	0	0	0	0	0	0	0	0	0	0	0	0	0	0	0	0	0	0	0	0	0	0	0	0
human_pathogens_all	0	0.0008646779075	0.000733406674	0	0.002717391304	0.001344688481	0.001388246182	0.0007412898443	0.004222378607	0.001297858533	0	0.001129688206	0.07735892692	0.002140181915	0	0.008	0.0004073319756	0.09088848595	0.001241208109	0	0.0004163197336	0.001916932907	0	0	0	0.0004258943782	0.005449591281	0.003205128205	0.001287830006	0	0	0.0007587253414	0.01739886907	0	0.003225806452	0.00408997955	0.002409638554	0.00594530321	0.03772290809	0.01107561235	0	0	0	0.000588004704	0	0.0007874015748	0	0.004647403516	0.0003808073115	0	0.0003321155762	0.0004408199251	0	0	0	0.001383125864	0.001147446931	0	0.0002621231979	0	0	0	0	0.0004606172271	0.0002753303965	0	0.001097694841	0	0.0003790750569	0.000920598389	0	0	0.0002732987155	0.0008990110878	0	0.0003248862898	0.0006045949214	0	0.004703668862	0	0.0006756756757	0	0	0	0	0.0005549389567	0	0	0	0	0	0.000858000858	0	0	0.0006242197253	0	0.001050420168	0	0	0	0.002164502165	0	0.0004624277457	0	0	0.0005701254276	0	0.0008665511265	0	0.00114416476	0	0.001331853496	0	0.002024291498	0	0	0	0.003881987578	0.07324405575	0	0.007276507277	0.0006489292667	0	0.003631082062	0	0.001138303927	0	0.0008012820513	0.01016088061	0.04546889801	0.00110864745	0.001556420233	0	0
fish_parasites	0	0	0	0	0	0	0	0	0	0	0	0	0	0	0	0	0	0	0	0	0	0	0	0	0	0	0	0	0	0	0	0	0	0	0	0	0	0	0	0	0	0	0	0	0	0	0	0	0	0	0	0	0	0	0	0	0	0	0	0	0	0	0	0	0	0	0	0	0	0	0	0	0	0	0	0	0	0	0	0	0	0	0	0	0	0	0	0	0	0	0	0	0	0	0	0	0	0	0	0	0	0	0	0	0	0	0	0	0	0	0	0	0	0	0	0	0	0	0	0	0	0	0	0	0	0	0	0	0	0	0	0	0	0
human_gut	0	0.0008646779075	0	0	0.002717391304	0.001344688481	0.0004627487274	0	0.004222378607	0.001297858533	0	0	0.0770120259	0.001605136437	0	0.008	0	0.09043517679	0	0	0	0.0009584664537	0	0	0	0.0004258943782	0.005449591281	0.003205128205	0.001287830006	0	0	0	0.01739886907	0	0.002419354839	0.002044989775	0.001606425703	0.005350772889	0.03669410151	0.01107561235	0	0	0	0.000392003136	0	0.0007874015748	0	0.004647403516	0	0	0.0003321155762	0	0	0	0	0.001383125864	0.0005737234653	0	0.0002621231979	0	0	0	0	0	0	0	0.001097694841	0	0	0	0	0	0	0.0008990110878	0	0	0.0006045949214	0	0.004703668862	0	0.0006756756757	0	0	0	0	0.0005549389567	0	0	0	0	0	0.000858000858	0	0	0	0	0	0	0	0	0.002164502165	0	0.0002312138728	0	0	0.0005701254276	0	0	0	0	0	0.0006659267481	0	0.0005783689994	0	0	0	0.0007763975155	0.07324405575	0	0.007276507277	0	0	0	0	0	0	0	0.009737510584	0.04515314177	0	0	0	0
human_associated	0	0.0008646779075	0.000733406674	0	0.002717391304	0.001344688481	0.001388246182	0.0007412898443	0.004222378607	0.001297858533	0	0.001129688206	0.07735892692	0.002140181915	0	0.008	0.0004073319756	0.09088848595	0.001241208109	0	0.0004163197336	0.001916932907	0	0	0	0.0004258943782	0.005449591281	0.003205128205	0.001287830006	0	0	0.0007587253414	0.01739886907	0	0.003225806452	0.00408997955	0.002409638554	0.00594530321	0.03772290809	0.01107561235	0	0	0	0.000588004704	0	0.0007874015748	0	0.004647403516	0.0003808073115	0	0.0003321155762	0.0004408199251	0	0	0	0.001383125864	0.001147446931	0	0.0002621231979	0	0	0	0	0.0004606172271	0.0002753303965	0	0.001097694841	0	0.0003790750569	0.000920598389	0	0	0.0002732987155	0.0008990110878	0	0.0003248862898	0.0006045949214	0	0.004703668862	0	0.0006756756757	0	0	0	0	0.0005549389567	0	0	0	0	0	0.000858000858	0	0	0.0006242197253	0	0.001050420168	0	0	0	0.002164502165	0	0.0004624277457	0	0	0.0005701254276	0	0.0008665511265	0	0.00114416476	0	0.001331853496	0	0.002024291498	0	0	0	0.003881987578	0.07324405575	0	0.007276507277	0.0006489292667	0	0.003631082062	0	0.001138303927	0	0.0008012820513	0.01016088061	0.04546889801	0.00110864745	0.001556420233	0	0
mammal_gut	0	0.0008646779075	0	0	0.002717391304	0.001344688481	0.0004627487274	0	0.004222378607	0.001297858533	0	0	0.0770120259	0.001605136437	0	0.008	0	0.09043517679	0	0	0	0.0009584664537	0	0	0	0.0004258943782	0.005449591281	0.003205128205	0.001287830006	0	0	0	0.01739886907	0	0.002419354839	0.002044989775	0.001606425703	0.005350772889	0.03669410151	0.01107561235	0	0	0	0.000392003136	0	0.0007874015748	0	0.004647403516	0	0	0.0003321155762	0	0	0	0	0.001383125864	0.0005737234653	0	0.0002621231979	0	0	0	0	0	0	0	0.001097694841	0	0	0	0	0	0	0.0008990110878	0	0	0.0006045949214	0	0.004703668862	0	0.0006756756757	0	0	0	0	0.0005549389567	0	0	0	0	0	0.000858000858	0	0	0	0	0	0	0	0	0.002164502165	0	0.0002312138728	0	0	0.0005701254276	0	0	0	0	0	0.0006659267481	0	0.0005783689994	0	0	0	0.0007763975155	0.07324405575	0	0.007276507277	0	0	0	0	0	0	0	0.009737510584	0.04515314177	0	0	0	0
animal_parasites_or_symbionts	0	0.001729355815	0.000733406674	0	0.002717391304	0.001344688481	0.001388246182	0.0007412898443	0.004222378607	0.001297858533	0	0.001129688206	0.07782146161	0.002140181915	0	0.008	0.0004073319756	0.09088848595	0.001241208109	0	0.0004163197336	0.001916932907	0	0.001468428781	0	0.0004258943782	0.005449591281	0.003205128205	0.001287830006	0	0	0.0007587253414	0.01739886907	0	0.004032258065	0.00408997955	0.002409638554	0.00594530321	0.03772290809	0.01150159744	0	0	0	0.000588004704	0	0.001049868766	0	0.004647403516	0.0003808073115	0	0.0003321155762	0.0004408199251	0	0	0	0.001383125864	0.001147446931	0	0.0002621231979	0	0	0	0.0009532888465	0.0004606172271	0.0002753303965	0	0.001097694841	0	0.0003790750569	0.005983889528	0	0	0.000546597431	0.002996703626	0	0.0003248862898	0.0006045949214	0	0.004703668862	0	0.0006756756757	0	0	0	0	0.00166481687	0	0	0	0	0	0.003432003432	0	0	0.0006242197253	0.000630517024	0.002100840336	0	0	0	0.002164502165	0	0.0004624277457	0	0	0.0005701254276	0	0.001733102253	0	0.00114416476	0	0.00577136515	0	0.005783689994	0	0	0	0.003881987578	0.07351735447	0	0.007276507277	0.0006489292667	0	0.003631082062	0	0.001138303927	0	0.0008012820513	0.01016088061	0.04546889801	0.00110864745	0.001556420233	0	0
plant_pathogen	0	0	0	0	0	0	0	0	0	0	0	0	0	0	0	0	0	0	0	0	0	0	0	0	0	0	0	0	0	0	0	0	0	0	0	0	0	0	0	0	0	0	0	0	0	0	0	0	0	0	0	0	0	0	0	0	0	0	0	0	0	0	0	0	0	0	0	0	0	0	0	0	0	0	0	0	0	0	0	0	0	0	0	0	0	0	0	0	0	0	0	0	0	0	0	0	0	0	0	0	0	0	0	0	0	0	0	0	0	0	0	0	0	0	0	0	0	0	0	0	0	0	0	0	0	0	0	0	0	0	0	0	0	0
oil_bioremediation	0	0	0	0	0	0	0	0	0	0	0	0	0	0	0	0	0	0	0	0	0	0	0	0	0	0	0	0	0	0	0	0	0	0	0	0	0	0	0	0	0	0	0	0	0	0	0	0	0	0	0	0	0	0	0	0	0	0	0	0	0	0	0	0	0	0	0	0	0	0	0	0	0	0	0	0	0	0	0	0	0	0	0	0	0	0	0	0	0	0	0	0	0	0	0	0	0	0	0	0	0	0	0	0	0	0	0	0	0	0	0	0	0	0	0	0	0	0	0	0	0	0	0	0	0	0	0	0	0	0	0	0	0	0
aromatic_hydrocarbon_degradation	0	0	0.001100110011	0	0	0	0	0	0	0	0	0	0	0	0	0	0	0	0	0	0	0	0	0	0.0005170630817	0	0	0	0	0	0	0	0	0	0	0	0	0	0.0003429355281	0	0	0	0	0	0	0	0.0003944773176	0	0	0	0	0	0	0	0	0	0	0	0	0.002985074627	0	0	0	0	0	0	0	0	0	0	0	0	0	0	0	0	0	0	0	0	0	0.003098853424	0	0	0	0	0.0149934811	0	0.0007304601899	0	0.0002981514609	0	0.0003853564547	0	0	0	0	0	0	0	0	0.0008532423208	0	0.0005611672278	0.001088731628	0.001140250855	0	0	0.015625	0	0	0	0	0	0	0	0	0	0	0.004085801839	0	0	0	0	0	0.001138303927	0	0.0008012820513	0	0.0003157562362	0	0	0.002304147465	0
aromatic_compound_degradation	0.07407407407	0.01167315175	0.001833516685	0.001543209877	0.002717391304	0.005826983416	0.007403979639	0.002223869533	0.008444757213	0.006489292667	0.02230088496	0.001581563488	0.008325624422	0.03745318352	0.001766784452	0.003428571429	0.04154786151	0.004759746147	0.009929664874	0.008902077151	0.03788509575	0.02076677316	0.009011546043	0.01517376407	0.01396070321	0.004258943782	0.005903723887	0.0108974359	0.003219575016	0.002624671916	0.005938784833	0.003793626707	0.0178338408	0.02166476625	0.01693548387	0.03135650988	0.008835341365	0.005350772889	0.01028806584	0.01171458999	0.06423938062	0.08543146116	0.01230992035	0.007448059584	0.01069518717	0.0532808399	0.01065088757	0.03738128915	0.006092916984	0.004918032787	0.0348721355	0.03945338329	0.03793103448	0.006666666667	0.01010781671	0.009681881051	0.05565117613	0.01334017445	0.02778505898	0.002985074627	0	0.01167315175	0.02144899905	0.06448641179	0.01156387665	0.006080707573	0.01042810099	0.03330970943	0.04283548143	0.0168009206	0.005191256831	0.01117685733	0.02131729981	0.0248726401	0.03638644918	0.001949317739	0.006650544135	0.004563605248	0.02069614299	0.04251469923	0.01418918919	0.003718624109	0.0008319467554	0.01060695345	0.01452513966	0.05826859046	0.0221642764	0	0.00219138057	0.008106116433	0.004472271914	0.05019305019	0.001926782274	0	0.004369538077	0.02522068096	0.04464285714	0	0.003224073079	0.015625	0.0303030303	0.005546075085	0.02936416185	0.003367003367	0.00707675558	0.007411630559	0.007147498376	0.05589254766	0.015625	0.008581235698	0.001234567901	0.00332963374	0.01628895184	0.01590514748	0	0.001166180758	0.00138026225	0.01125776398	0.01120524734	0.008682328907	0.002079002079	0.001297858533	0.01694915254	0.06826434277	0.004373177843	0.01935116676	0.005191434134	0.008814102564	0.0008467400508	0.009472687086	0.00110864745	0	0.01996927803	0.002633889377
aliphatic_non_methane_hydrocarbon_degradation	0	0	0.001100110011	0	0	0	0	0	0	0	0	0	0	0	0	0	0	0	0	0	0	0	0	0	0	0	0	0	0	0	0.0009136592051	0	0	0	0	0	0.0008032128514	0	0.0003429355281	0	0	0	0	0	0	0	0	0	0	0	0	0	0	0	0.0006738544474	0	0	0	0	0.002985074627	0	0	0	0	0.000550660793	0	0	0	0	0	0	0	0	0	0	0	0	0	0	0	0	0	0	0	0	0	0.001303780965	0	0.00219138057	0	0.0005963029219	0	0.0003853564547	0	0	0	0	0	0	0	0	0	0	0	0	0	0	0	0	0	0	0	0	0	0	0	0	0	0	0.005107252298	0	0	0	0	0	0.001138303927	0	0.0008012820513	0	0.0003157562362	0	0	0.002304147465	0
hydrocarbon_degradation	0	0.02550799827	0.1129446278	0.006172839506	0.00339673913	0.002241147468	0.005090236002	0.004447739066	0.0007037297678	0	0.001769911504	0.002485314053	0.01006012951	0.003745318352	0.003533568905	0	0.001221995927	0.0105394379	0.01944559371	0.002225519288	0.001248959201	0.01214057508	0.002252886511	0.01076847773	0.01189245088	0.0004258943782	0.002270663034	0.001282051282	0	0.007874015748	0.006852444038	0	0.008699434537	0.001900418092	0.001612903226	0.005453306067	0.009638554217	0.000594530321	0.008230452675	0.008306709265	0.0002092487968	0.0004303851947	0.001086169442	0.002352018816	0	0.001049868766	0.0007889546351	0.001818549202	0.004569687738	0.001639344262	0.0006642311524	0.001322459775	0	0.00375	0.00269541779	0.002305209774	0.003442340792	0	0.0007863695937	0.01119402985	0.0183423913	0	0.0004766444233	0.002303086135	0.0008259911894	0.0008291873964	0	0	0.0003790750569	0.005983889528	0.002732240437	0.00164365549	0.001639792293	0.002697033263	0.001254705144	0.0003248862898	0.001209189843	0.001140901312	0	0	0.003378378378	0.004338394794	0.0004159733777	0	0.001117318436	0.00166481687	0.03194263364	0.006072874494	0.01972242513	0	0.002385211688	0.003432003432	0.00655105973	0.008658008658	0	0	0.01260504202	0.002557544757	0.002149382053	0	0	0.002559726962	0	0.01851851852	0.005988023952	0.007981755986	0	0.006932409012	0.015625	0.01315789474	0	0.006881243063	0	0.004048582996	0	0.001166180758	0.003450655625	0.01902173913	0.009838753758	0.02706843718	0.002079002079	0	0.008474576271	0	0.008746355685	0.001138303927	0	0.0008012820513	0.0008467400508	0.004736343543	0.01385809313	0	0.003072196621	0.001755926251
dark_iron_oxidation	0	0.004755728491	0	0	0	0	0	0	0	0	0	0	0	0	0	0	0	0	0	0	0	0	0	0	0	0	0	0	0	0	0	0.001517450683	0	0	0.002419354839	0	0	0	0	0	0	0	0	0	0	0	0	0	0	0	0.0003321155762	0	0	0	0	0	0	0	0	0	0	0	0	0	0	0	0	0	0	0.01380897583	0	0	0	0	0	0	0	0	0	0	0	0	0	0	0	0	0	0	0	0	0	0	0	0	0	0	0	0	0	0	0	0	0	0	0	0	0	0	0	0	0	0	0	0	0	0	0	0	0	0	0	0	0	0	0	0	0	0	0	0	0	0	0	0
iron_respiration	0.0004357298475	0.003026372676	0.000733406674	0	0.02038043478	0.03047960556	0.04581212402	0.001482579689	0.003518648839	0.03374432187	0.008849557522	0	0.0001156336725	0.0005350454789	0.003533568905	0.032	0.03258655804	0.001699909338	0	0	0.08492922565	0.005111821086	0	0	0.001551189245	0.0004258943782	0.01498637602	0.02115384615	0.01738570509	0.001968503937	0.0004568296026	0.02959028832	0.02609830361	0	0.007258064516	0.0006816632584	0.003212851406	0.01070154578	0.01817558299	0.001703940362	0.0006277463905	0	0	0	0.01818181818	0.002362204724	0.0007889546351	0	0	0	0.002324809034	0.0008816398501	0.006896551724	0	0	0.001383125864	0.002294893861	0.01334017445	0.003931847969	0.0007462686567	0	0.01750972763	0.01715919924	0.005988023952	0	0.004422332781	0.009879253568	0.0004724781479	0.0007581501137	0.000920598389	0	0	0.001913091008	0	0.000209117524	0.001624431449	0.001209189843	0.006845407872	0.0169332079	0	0.008783783784	0	0	0.004714201532	0.01284916201	0.003884572697	0	0.003036437247	0.02264426589	0.02505526898	0	0.007722007722	0	0.002597402597	0.01685393258	0.02269861286	0.002100840336	0	0.002149382053	0	0.00974025974	0	0.002312138728	0.002244668911	0.001088731628	0.01368301026	0.01169590643	0.001733102253	0	0.002860411899	0.00987654321	0.0004439511654	0	0.001735106998	0	0.001166180758	0.006211180124	0	0.004919376879	0.00102145046	0.004158004158	0.01492537313	0	0.001452432825	0.001457725948	0	0	0.005608974359	0.006350550381	0.0006315124724	0.002771618625	0.001556420233	0.00153609831	0.009657594381
nitrate_respiration	0.0004357298475	0.01080847384	0	0.006172839506	0	0.007171671896	0.00370198982	0.00518902891	0.001407459536	0	0.006017699115	0.0004518752824	0.003815911193	0.001605136437	0.004416961131	0	0.002851323829	0.00147325476	0.0008274720728	0.00296735905	0	0.004792332268	0	0.02055800294	0.01240951396	0.005110732538	0.0009082652134	0.002564102564	0.001287830006	0.008530183727	0.004111466423	0	0	0.0003800836184	0.003225806452	0.007498295842	0.004016064257	0.000594530321	0.001371742112	0.0004259850905	0.0002092487968	0.006025392726	0	0	0	0	0	0.0002020610224	0	0	0	0.001542869738	0	0	0	0	0.002868617326	0	0.01887287025	0.0007462686567	0	0	0.0009532888465	0.0004606172271	0	0	0	0	0.0003790750569	0.007825086306	0	0	0.004372779448	0.00689241834	0.0006273525721	0	0.0006045949214	0.001140901312	0	0	0.001351351351	0	0	0.0005892751915	0	0.0005549389567	0.007170795306	0	0.00219138057	0	0	0.009438009438	0.001541425819	0	0	0.001891551072	0.004726890756	0	0.0005373455132	0	0	0	0	0.001122334456	0	0	0	0.007365684575	0	0.008581235698	0	0.008435072142	0	0.01590514748	0	0.001749271137	0	0.0376552795	0.001639792293	0.001532175689	0.003118503119	0	0	0	0.004373177843	0.004553215709	0.003244646334	0	0.001270110076	0.004736343543	0.006651884701	0.009338521401	0	0
nitrate_reduction	0.0004357298475	0.01556420233	0	0.006172839506	0.002717391304	0.008516360377	0.005090236002	0.005930318755	0.007741027445	0.001297858533	0.006017699115	0.0004518752824	0.08279370953	0.004280363831	0.005300353357	0.008	0.003258655804	0.0934950136	0.004137360364	0.00296735905	0	0.009584664537	0.001126443255	0.02300538424	0.01499482937	0.008091993186	0.006357856494	0.007051282051	0.002575660013	0.01312335958	0.005481955231	0.001517450683	0.01826881253	0.0003800836184	0.00564516129	0.01226993865	0.01285140562	0.00594530321	0.03875171468	0.01256656017	0.001673990375	0.006240585324	0.001810282404	0.0007840062721	0	0.0007874015748	0.0007889546351	0.004849464538	0.005331302361	0.003278688525	0.0003321155762	0.0017632797	0	0.006666666667	0	0.001383125864	0.003442340792	0	0.01913499345	0.007462686567	0.006793478261	0.001945525292	0.001906577693	0.0004606172271	0	0	0.001097694841	0	0.001137225171	0.01242807825	0.0008196721311	0	0.005192675594	0.01108780342	0.0008364700962	0.004548408057	0.006045949214	0.001711351968	0.004703668862	0.0004522840344	0.002702702703	0.01301518438	0.002079866889	0.0005892751915	0	0.004439511654	0.007822685789	0	0.01241782323	0.004421518055	0	0.01372801373	0.0161849711	0.006926406926	0	0.002522068096	0.005777310924	0	0.0005373455132	0	0.004329004329	0.003839590444	0.0006936416185	0.005050505051	0	0.001710376283	0.0006497725796	0.007365684575	0	0.06693363844	0.0006172839506	0.01220865705	0	0.01879699248	0	0.01166180758	0.0006901311249	0.04076086957	0.07515714676	0.02706843718	0.02079002079	0.001297858533	0	0	0.03352769679	0.006260671599	0.004542504867	0	0.01185436071	0.05052099779	0.01219512195	0.01089494163	0.0007680491551	0
nitrogen_respiration	0.0004357298475	0.01556420233	0	0.006172839506	0	0.007171671896	0.00370198982	0.00518902891	0.001407459536	0	0.006017699115	0.0004518752824	0.003815911193	0.001605136437	0.004416961131	0	0.002851323829	0.00147325476	0.0008274720728	0.00296735905	0	0.004792332268	0	0.02055800294	0.01240951396	0.005110732538	0.0009082652134	0.002564102564	0.001287830006	0.008530183727	0.004111466423	0	0	0.0003800836184	0.003225806452	0.007498295842	0.004016064257	0.000594530321	0.001371742112	0.0004259850905	0.0002092487968	0.006025392726	0	0	0	0	0	0.0002020610224	0	0	0	0.001542869738	0	0	0	0	0.002868617326	0	0.01887287025	0.0007462686567	0	0	0.0009532888465	0.0004606172271	0	0	0	0	0.0003790750569	0.009436133487	0	0	0.004372779448	0.00689241834	0.0006273525721	0	0.0006045949214	0.001140901312	0	0	0.001351351351	0	0	0.0005892751915	0	0.0005549389567	0.007170795306	0	0.00219138057	0	0	0.009438009438	0.001541425819	0	0	0.001891551072	0.004726890756	0	0.0005373455132	0	0	0	0	0.001122334456	0	0	0	0.007365684575	0	0.008581235698	0	0.008435072142	0	0.01590514748	0	0.001749271137	0	0.0376552795	0.001639792293	0.001532175689	0.003118503119	0	0	0	0.004373177843	0.004553215709	0.003244646334	0	0.001270110076	0.004736343543	0.006651884701	0.009338521401	0	0
fumarate_respiration	0	0	0	0	0	0	0	0	0	0	0	0	0	0	0	0	0	0	0	0	0	0	0	0	0	0	0	0	0	0	0	0	0	0	0	0	0	0	0	0	0	0	0	0	0	0	0	0	0	0	0	0	0	0	0	0	0	0	0	0	0	0	0	0	0	0	0	0	0	0	0	0	0	0	0	0	0	0	0	0	0	0	0	0	0	0	0	0	0	0	0	0	0	0	0	0	0	0	0	0	0	0	0	0	0	0	0	0	0	0	0	0	0	0	0	0	0	0	0	0	0	0	0	0	0	0	0	0	0	0	0	0	0	0
intracellular_parasites	0.004357298475	0.01642888024	0	0.001543209877	0	0.001792917974	0.007866728366	0	0	0.002595717067	0.001769911504	0.00180750113	0.001040703053	0.0005350454789	0	0.002285714286	0.00733197556	0.0005666364461	0.0008274720728	0	0.0008326394671	0.008945686901	0	0	0	0	0.002270663034	0	0.001287830006	0	0	0.0007587253414	0.002609830361	0.0007601672368	0.001612903226	0.002726653033	0.003212851406	0.003567181926	0.006858710562	0.002342917998	0.0006277463905	0.0006455777921	0	0.000196001568	0.0005347593583	0	0	0.0004041220449	0.001523229246	0.002459016393	0.0009963467287	0.001102049813	0	0	0	0	0	0.0005130836326	0	0	0	0	0	0	0.0008259911894	0	0	0	0.0003790750569	0.01012658228	0.0002732240437	0	0	0.0005993407252	0.0008364700962	0.0003248862898	0	0	0	0.003618272275	0	0	0	0	0	0.00332963374	0.0006518904824	0	0	0	0.004472271914	0	0.0007707129094	0.001731601732	0.0006242197253	0	0	0	0	0	0	0.007252559727	0.0006936416185	0.0005611672278	0.001088731628	0	0	0.001733102253	0	0.00114416476	0	0	0.01699716714	0.0008675534991	0	0.000583090379	0.0006901311249	0	0.000546597431	0	0	0.0019467878	0	0.00290486565	0	0.002276607854	0.0006489292667	0	0.001270110076	0.001578781181	0.0005543237251	0	0	0.001755926251
chlorate_reducers	0	0	0	0	0	0	0	0	0	0	0	0	0	0	0	0	0	0	0	0	0	0	0	0	0	0	0	0	0	0	0	0	0	0	0	0	0	0	0	0	0	0	0	0	0	0	0	0	0	0	0	0	0	0	0	0	0	0	0	0	0	0	0	0	0	0	0	0	0	0	0	0	0	0	0	0	0	0	0	0	0	0	0	0	0	0	0	0	0	0	0	0	0	0	0	0	0	0	0	0	0	0	0	0	0	0	0	0	0	0	0	0	0	0	0	0	0	0	0	0	0	0	0	0	0	0	0	0	0	0	0	0	0	0
predatory_or_exoparasitic	0.000871459695	0.01556420233	0.02053538687	0.05864197531	0.006793478261	0.009412819364	0.01804720037	0.03928836175	0.03377902885	0.007787151201	0.005663716814	0.02711251695	0.0006938020352	0.01605136437	0.04770318021	0.004571428571	0.00733197556	0.00147325476	0.0045510964	0.04747774481	0.003330557868	0	0.01041960011	0.0009789525208	0.04084798345	0.0293867121	0.009536784741	0.02371794872	0.0199613651	0.04265091864	0.0365463682	0.02655538695	0.007394519356	0.003420752566	0.01048387097	0.06475800954	0.06184738956	0.005350772889	0.008230452675	0.003620873269	0.0008369951873	0	0.01810282404	0.002156017248	0.004278074866	0	0.008284023669	0	0.04569687738	0.06147540984	0.002324809034	0.001102049813	0.006896551724	0.02458333333	0.01010781671	0.005071461503	0	0.004617752694	0.0002621231979	0.1141791045	0.04279891304	0.02399481193	0.001906577693	0	0.01266519824	0.008015478165	0.002195389682	0.0004724781479	0.005307050796	0.003222094361	0.02049180328	0.006245890861	0.003279584586	0	0.003764115433	0.01007147498	0.01874244256	0.01540216771	0.001881467545	0	0.003378378378	0.01053610164	0.02412645591	0.02121390689	0.001675977654	0.002219755827	0.03846153846	0.0516194332	0.02629656684	0.01547531319	0.01311866428	0.001716001716	0.03468208092	0.04415584416	0.008739076155	0.005674653216	0.002100840336	0.04603580563	0.02364320258	0.02083333333	0.007575757576	0.01322525597	0.004161849711	0.03142536476	0.03973870441	0.02622576967	0.02274204029	0.00259965338	0.06770833333	0.05892448513	0.01728395062	0.0008879023307	0.001062322946	0	0	0.05014577259	0.027605245	0	0.003552883301	0.04136874362	0.03326403326	0.01622323167	0	0.00290486565	0.0444606414	0.05520774047	0.0350421804	0.005608974359	0.005080440305	0.003157562362	0.03935698448	0.03968871595	0.009216589862	0.02282704126
chloroplasts	0	0	0	0	0	0	0	0	0	0	0	0	0	0	0	0	0	0	0	0	0	0	0	0	0	0	0	0	0	0	0	0	0	0	0	0	0	0	0	0	0	0	0	0	0	0	0	0	0	0	0	0	0	0	0	0	0	0	0	0	0	0	0	0	0	0	0	0	0	0	0	0	0	0	0	0	0	0	0	0	0	0	0	0	0	0	0	0	0	0	0	0	0	0	0	0	0	0	0	0	0	0	0	0	0	0	0	0	0	0	0	0	0	0	0	0	0	0	0	0	0	0	0	0	0	0	0	0	0	0	0	0	0	0
nonphotosynthetic_cyanobacteria	0	0.002594033722	0	0.00462962963	0.002038043478	0	0.0004627487274	0.002965159377	0.002111189303	0.001297858533	0.001415929204	0	0	0.001605136437	0.004416961131	0.002285714286	0.003258655804	0.0003399818676	0.00579230451	0.0007418397626	0	0.003194888179	0.0002816108139	0	0.0005170630817	0.0008517887564	0	0	0.0006439150032	0	0	0	0.0004349717268	0.002660585329	0.0008064516129	0	0.00562248996	0	0.0006858710562	0.002129925453	0	0.0002151925974	0.0003620564808	0.002744021952	0	0.0002624671916	0	0.0002020610224	0.0003808073115	0.004098360656	0.0009963467287	0.001322459775	0	0	0	0.0004610419548	0.001147446931	0.001026167265	0.001834862385	0.00223880597	0.001358695652	0	0	0	0.000550660793	0.001105583195	0	0.0004724781479	0	0.003912543153	0	0	0	0.006293077615	0.0004182350481	0	0	0	0	0.004975124378	0.0006756756757	0.0006197706848	0	0	0	0.00166481687	0.001303780965	0	0	0	0	0	0.0003853564547	0.003463203463	0	0.001261034048	0	0	0	0	0	0.0004266211604	0.0002312138728	0	0.001088731628	0.001140250855	0	0	0	0.002288329519	0	0	0.002478753541	0	0	0.001166180758	0.003450655625	0	0	0.00102145046	0	0.0019467878	0	0	0.002915451895	0.001707455891	0	0.001602564103	0	0.0003157562362	0.0005543237251	0	0.005376344086	0.004389815628
photosynthetic_cyanobacteria	0.01786492375	0.003026372676	0	0.0007716049383	0.0006793478261	0.000896458987	0.007866728366	0.0007412898443	0.002111189303	0.004542504867	0.002831858407	0.1373700859	0.0005781683626	0.002140181915	0	0.01942857143	0.008961303462	0.00147325476	0.002068680182	0.003709198813	0.0004163197336	0.00447284345	0.09180512532	0	0	0.0004258943782	0.009082652134	0.001282051282	0	0	0	0	0.007829491083	0.03078677309	0.002419354839	0	0.001606425703	0	0.0006858710562	0	0.01590290856	0.009898859479	0.02679217958	0.006272050176	0	0	0.003944773176	0.001010305112	0.06130997715	0.008196721311	0.003985386915	0.007714348689	0	0.004583333333	0.001684636119	0.0235131397	0.01549053356	0.002052334531	0.02568807339	0.01641791045	0.004076086957	0.003891050584	0.0004766444233	0.0009212344542	0.00936123348	0.001381978994	0	0.0002362390739	0.005686125853	0.03567318757	0.00956284153	0.007560815253	0.03115605357	0.007491759065	0.01589293183	0.0003248862898	0	0	0	0.0004522840344	0	0.0006197706848	0	0	0	0	0.001303780965	0	0	0	0.08586762075	0.000858000858	0.008092485549	0.002597402597	0	0.003783102144	0	0	0.005373455132	0	0.02922077922	0.03967576792	0.0004624277457	0.006172839506	0.001088731628	0.001140250855	0	0.002166377816	0	0	0	0.001109877913	0.003541076487	0.002313475998	0	0	0.0006901311249	0.01242236025	0.0008198961465	0.004085801839	0	0	0	0.004357298475	0	0.003984063745	0	0	0	0.003157562362	0.002771618625	0	0.01228878648	0.001755926251
anoxygenic_photoautotrophy_H2_oxidizing	0	0	0	0	0	0	0	0	0	0	0	0	0	0	0	0	0	0	0	0	0	0	0	0	0	0	0	0	0	0	0	0	0	0	0	0	0	0	0	0	0	0	0	0	0	0	0	0	0	0	0	0	0	0	0	0	0	0	0	0	0	0	0	0	0	0	0	0	0	0	0	0	0	0	0	0	0	0	0	0	0	0	0	0	0	0	0	0	0	0	0	0	0	0	0	0	0	0	0	0	0	0	0	0	0	0	0	0	0	0	0	0	0	0	0	0	0	0	0	0	0	0	0	0	0	0	0	0	0	0	0	0	0	0
anoxygenic_photoautotrophy_S_oxidizing	0.0004357298475	0	0	0.002314814815	0	0	0	0	0	0	0	0	0	0	0	0	0	0	0	0	0	0	0	0	0	0.0008517887564	0	0.001282051282	0.001287830006	0	0.0004568296026	0	0	0	0.003225806452	0.0006816632584	0	0	0.0003429355281	0	0	0	0.001810282404	0.001764014112	0	0	0	0	0.0003808073115	0	0	0	0	0.001666666667	0	0.0004610419548	0	0	0	0	0	0.003242542153	0	0	0.001651982379	0	0	0	0.0007581501137	0	0.001912568306	0	0.0002732987155	0	0.000209117524	0	0	0	0	0	0	0	0	0	0	0	0	0	0	0	0.002087060227	0	0	0	0	0	0	0	0	0	0.002164502165	0.0008532423208	0	0.001683501684	0	0	0	0	0	0	0	0	0	0	0	0	0	0	0	0	0	0	0	0	0	0	0	0	0	0	0.0005543237251	0	0	0
anoxygenic_photoautotrophy_Fe_oxidizing	0	0	0	0	0	0	0	0	0	0	0	0	0	0	0	0	0	0	0	0	0	0	0	0	0	0	0	0	0	0	0	0	0	0	0	0	0	0	0	0	0	0	0	0	0	0	0	0	0	0	0	0	0	0	0	0	0	0	0	0	0	0	0	0	0	0	0	0	0	0	0	0	0	0	0	0	0	0	0	0	0	0	0	0	0	0	0	0	0	0	0	0	0	0	0	0	0	0	0	0	0	0	0	0	0	0	0	0	0	0	0	0	0	0	0	0	0	0	0	0	0	0	0	0	0	0	0	0	0	0	0	0	0	0
anoxygenic_photoautotrophy	0.0004357298475	0	0	0.002314814815	0	0	0	0	0	0	0	0	0	0	0	0	0	0	0	0	0	0	0	0	0	0.0008517887564	0	0.001282051282	0.001287830006	0	0.0004568296026	0	0	0	0.003225806452	0.0006816632584	0	0	0.0003429355281	0	0	0	0.001810282404	0.001764014112	0	0	0	0	0.0003808073115	0	0	0	0	0.001666666667	0	0.0004610419548	0	0	0	0	0	0.003242542153	0	0	0.001651982379	0	0	0	0.0007581501137	0	0.001912568306	0	0.0002732987155	0	0.000209117524	0	0	0	0	0	0	0	0	0	0	0	0	0	0	0	0.002087060227	0	0	0	0	0	0	0	0	0	0.002164502165	0.0008532423208	0	0.001683501684	0	0	0	0	0	0	0	0	0	0	0	0	0	0	0	0	0	0	0	0	0	0	0	0	0	0	0.0005543237251	0	0	0
oxygenic_photoautotrophy	0.01786492375	0.003026372676	0	0.0007716049383	0.0006793478261	0.000896458987	0.007866728366	0.0007412898443	0.002111189303	0.004542504867	0.002831858407	0.1373700859	0.0005781683626	0.002140181915	0	0.01942857143	0.008961303462	0.00147325476	0.002068680182	0.003709198813	0.0004163197336	0.00447284345	0.09180512532	0	0	0.0004258943782	0.009082652134	0.001282051282	0	0	0	0	0.007829491083	0.03078677309	0.002419354839	0	0.001606425703	0	0.0006858710562	0	0.01590290856	0.009898859479	0.02679217958	0.006272050176	0	0	0.003944773176	0.001010305112	0.06130997715	0.008196721311	0.003985386915	0.007714348689	0	0.004583333333	0.001684636119	0.0235131397	0.01549053356	0.002052334531	0.02568807339	0.01641791045	0.004076086957	0.003891050584	0.0004766444233	0.0009212344542	0.00936123348	0.001381978994	0	0.0002362390739	0.005686125853	0.03567318757	0.00956284153	0.007560815253	0.03115605357	0.007491759065	0.01589293183	0.0003248862898	0	0	0	0.0004522840344	0	0.0006197706848	0	0	0	0	0.001303780965	0	0	0	0.08586762075	0.000858000858	0.008092485549	0.002597402597	0	0.003783102144	0	0	0.005373455132	0	0.02922077922	0.03967576792	0.0004624277457	0.006172839506	0.001088731628	0.001140250855	0	0.002166377816	0	0	0	0.001109877913	0.003541076487	0.002313475998	0	0	0.0006901311249	0.01242236025	0.0008198961465	0.004085801839	0	0	0	0.004357298475	0	0.003984063745	0	0	0	0.003157562362	0.002771618625	0	0.01228878648	0.001755926251
photoautotrophy	0.01830065359	0.003026372676	0	0.003086419753	0.0006793478261	0.000896458987	0.007866728366	0.0007412898443	0.002111189303	0.004542504867	0.002831858407	0.1373700859	0.0005781683626	0.002140181915	0	0.01942857143	0.008961303462	0.00147325476	0.002068680182	0.003709198813	0.0004163197336	0.00447284345	0.09180512532	0	0	0.001277683135	0.009082652134	0.002564102564	0.001287830006	0	0.0004568296026	0	0.007829491083	0.03078677309	0.00564516129	0.0006816632584	0.001606425703	0	0.001028806584	0	0.01590290856	0.009898859479	0.02860246198	0.008036064289	0	0	0.003944773176	0.001010305112	0.06169078446	0.008196721311	0.003985386915	0.007714348689	0	0.00625	0.001684636119	0.02397418165	0.01549053356	0.002052334531	0.02568807339	0.01641791045	0.004076086957	0.007133592737	0.0004766444233	0.0009212344542	0.01101321586	0.001381978994	0	0.0002362390739	0.006444275967	0.03567318757	0.01147540984	0.007560815253	0.03142935228	0.007491759065	0.01610204935	0.0003248862898	0	0	0	0.0004522840344	0	0.0006197706848	0	0	0	0	0.001303780965	0	0	0	0.08795468098	0.000858000858	0.008092485549	0.002597402597	0	0.003783102144	0	0	0.005373455132	0	0.03138528139	0.04052901024	0.0004624277457	0.00785634119	0.001088731628	0.001140250855	0	0.002166377816	0	0	0	0.001109877913	0.003541076487	0.002313475998	0	0	0.0006901311249	0.01242236025	0.0008198961465	0.004085801839	0	0	0	0.004357298475	0	0.003984063745	0	0	0	0.003157562362	0.00332594235	0	0.01228878648	0.001755926251
aerobic_anoxygenic_phototrophy	0	0	0	0	0	0	0	0	0	0	0	0	0	0	0	0	0	0	0	0	0	0	0	0	0	0	0	0	0	0	0	0	0	0	0	0	0	0	0	0	0	0	0	0	0	0	0	0	0	0	0	0	0	0	0	0	0	0	0	0	0	0	0	0	0	0	0	0	0	0	0	0	0	0	0	0	0	0	0	0	0	0	0	0	0	0	0	0	0	0	0	0	0	0	0	0	0	0	0	0	0	0	0	0	0	0	0	0	0	0	0	0	0	0	0	0	0	0	0	0	0	0	0	0	0	0	0	0	0	0	0	0	0	0
photoheterotrophy	0	0.009943795936	0.02860286029	0.04861111111	0.01970108696	0.002241147468	0.009717723276	0.03632320237	0.01618578466	0.006489292667	0.003185840708	0.0009037505648	0.0006938020352	0.04922418406	0.03180212014	0.005714285714	0.003258655804	0.0004533091568	0.01241208109	0.09866468843	0.002497918401	0.0006389776358	0.00366094058	0.0009789525208	0.03050672182	0.0332197615	0.009082652134	0.01602564103	0.005795235029	0.0282152231	0.02238465053	0.01441578149	0.006959547629	0.003800836184	0.01129032258	0.07293796864	0.03534136546	0.004756242568	0.003429355281	0.01703940362	0.001046243984	0.001075962987	0.003258508327	0	0.002139037433	0.002362204724	0.002761341223	0.0002020610224	0.0003808073115	0.01147540984	0.001660577881	0	0	0.003333333333	0.00539083558	0.003227293684	0	0.003078501796	0.002096985583	0.0007462686567	0.008831521739	0.01750972763	0.001906577693	0.002303086135	0.002753303965	0.007186290768	0.001097694841	0	0.003032600455	0.0004602991945	0.001639344262	0.00164365549	0.001639792293	0.001498351813	0.000209117524	0.01072124756	0.01632406288	0.009697661152	0.009407337723	0.0009045680687	0.002027027027	0.006817477533	0.007071547421	0.007071302298	0.0005586592179	0	0.003259452412	0.03846153846	0.0219138057	0.01326455416	0.0005963029219	0.002145002145	0.008863198459	0.02597402597	0.02309612984	0.005674653216	0.000525210084	0	0.005373455132	0.01041666667	0.002164502165	0.001706484642	0.0006936416185	0.008417508418	0.01633097441	0.009692132269	0.01234567901	0	0	0.0143020595	0.01851851852	0.0004439511654	0	0.0005783689994	0	0.01982507289	0.01587301587	0	0.004646078163	0.002042900919	0.02910602911	0.009733939001	0	0	0.02113702624	0.04040978941	0.03763789747	0.007211538462	0.006350550381	0.002526049889	0.0199556541	0.03501945525	0.009984639017	0.007023705004
phototrophy	0.01830065359	0.01297016861	0.02860286029	0.04938271605	0.02038043478	0.003137606455	0.01758445164	0.03706449222	0.01829697396	0.01103179753	0.006017699115	0.1382738364	0.001271970398	0.05136436597	0.03180212014	0.02514285714	0.01221995927	0.001926563917	0.01448076127	0.1023738872	0.002914238135	0.005111821086	0.0954660659	0.0009789525208	0.03050672182	0.03407155026	0.01816530427	0.01730769231	0.005795235029	0.0282152231	0.02238465053	0.01441578149	0.01478903871	0.03458760927	0.01370967742	0.07293796864	0.03694779116	0.004756242568	0.004115226337	0.01703940362	0.01694915254	0.01097482247	0.03186097031	0.008036064289	0.002139037433	0.002362204724	0.006706114398	0.001212366135	0.06207159177	0.01967213115	0.005645964796	0.007714348689	0	0.009583333333	0.007075471698	0.02720147533	0.01549053356	0.005130836326	0.02778505898	0.0171641791	0.0129076087	0.02464332036	0.002383222116	0.00322432059	0.01376651982	0.008568269762	0.001097694841	0.0002362390739	0.009476876422	0.03613348677	0.0131147541	0.009204470743	0.03306914458	0.008990110878	0.01631116688	0.01104613385	0.01632406288	0.009697661152	0.009407337723	0.001356852103	0.002027027027	0.007437248218	0.007071547421	0.007071302298	0.0005586592179	0	0.004563233377	0.03846153846	0.0219138057	0.01326455416	0.0885509839	0.003003003003	0.01695568401	0.02857142857	0.02309612984	0.009457755359	0.000525210084	0	0.01074691026	0.01041666667	0.03354978355	0.04223549488	0.001156069364	0.01515151515	0.01741970604	0.01083238312	0.01234567901	0.002166377816	0	0.0143020595	0.01851851852	0.001553829079	0.003541076487	0.002891844997	0	0.01982507289	0.016563147	0.01242236025	0.00546597431	0.006128702758	0.02910602911	0.009733939001	0	0.004357298475	0.02113702624	0.04439385316	0.03763789747	0.007211538462	0.006350550381	0.005683612251	0.02272727273	0.03501945525	0.0222734255	0.008779631255
plastic_degradation	0	0	0	0	0	0	0	0	0	0	0	0	0	0	0	0	0	0	0	0	0	0	0	0	0	0	0	0	0	0	0	0	0	0	0	0	0	0	0	0	0	0	0	0	0	0	0	0	0	0	0	0	0	0	0	0	0	0	0	0	0	0	0	0	0	0	0	0	0	0	0	0	0	0	0	0	0	0	0	0	0	0	0	0	0	0	0	0	0	0	0	0	0	0	0	0	0	0	0	0	0	0	0	0	0	0	0	0	0	0	0	0	0	0	0	0	0	0	0	0	0	0	0	0	0	0	0	0	0	0	0	0	0	0
ureolysis	0	0.005620406399	0.009167583425	0.0007716049383	0	0	0.00185099491	0.004447739066	0.0007037297678	0	0	0	0.0002312673451	0.003210272873	0	0	0	0.0002266545784	0.002068680182	0.002225519288	0	0	0	0	0.007238883144	0.003407155026	0	0	0	0	0.00182731841	0	0	0	0	0	0	0	0.0003429355281	0.0002129925453	0	0.0002151925974	0	0	0.0005347593583	0	0.001972386588	0	0.000761614623	0.002459016393	0	0	0	0	0	0.0004610419548	0	0.001539250898	0.0002621231979	0.005970149254	0.002717391304	0.001297016861	0	0	0.0002753303965	0.001105583195	0	0	0.0003790750569	0.003452243959	0.0002732240437	0	0	0	0	0.002923976608	0.002418379686	0.000570450656	0	0	0	0.00123954137	0.0008319467554	0.002357100766	0	0	0.004563233377	0.01012145749	0.00219138057	0	0	0	0.003082851638	0.01038961039	0.0006242197253	0	0.001050420168	0	0.0005373455132	0	0	0	0	0.004489337823	0.002721829069	0.00228050171	0.001949317739	0	0	0.002288329519	0	0.001331853496	0	0.0008675534991	0	0.001166180758	0.0006901311249	0.001940993789	0.001639792293	0.002042900919	0.004158004158	0.0006489292667	0	0.002178649237	0.002186588921	0	0.002595717067	0.001602564103	0	0	0.009423503326	0.01011673152	0.00153609831	0
reductive_acetogenesis	0	0	0	0	0	0	0	0	0	0	0	0	0	0	0	0	0	0	0	0	0	0	0	0	0	0	0	0	0	0	0	0	0	0	0	0	0	0	0	0	0	0	0	0	0	0	0	0	0	0	0	0	0	0	0	0	0	0	0	0	0	0	0	0	0	0	0	0	0	0	0	0	0	0	0	0	0	0	0	0	0	0	0	0	0	0	0	0	0	0	0	0	0	0	0	0	0	0	0	0	0	0	0	0	0	0	0	0	0	0	0	0	0	0	0	0	0	0	0	0	0	0	0	0	0	0	0	0	0	0	0	0	0	0
chemoheterotrophy	0.2677559913	0.270644185	0.3967730106	0.4783950617	0.2357336957	0.2886597938	0.2813512263	0.4062268347	0.3694581281	0.2498377677	0.2955752212	0.1154541347	0.2387835338	0.3327982879	0.3409893993	0.1805714286	0.3291242363	0.2018359021	0.4753827058	0.3048961424	0.1794338052	0.3313099042	0.183047029	0.3181595693	0.354188211	0.2299829642	0.1734786558	0.2371794872	0.3129426916	0.3989501312	0.3846505254	0.2473444613	0.2235754676	0.2941847206	0.4427419355	0.3094751193	0.3502008032	0.1640903686	0.2242798354	0.1561235357	0.2586315129	0.2556488057	0.2223026792	0.2647981184	0.3352941176	0.3517060367	0.258382643	0.3006668014	0.2646610815	0.356557377	0.3138492195	0.3083535376	0.4172413793	0.3033333333	0.3002021563	0.265099124	0.3666092943	0.3596716265	0.2461336828	0.2768656716	0.3525815217	0.2788586252	0.3493803622	0.3422385997	0.2544052863	0.2274737424	0.2601536773	0.2557287975	0.2979529947	0.2773302647	0.2306010929	0.2928994083	0.2577206887	0.3497153132	0.2797992472	0.122157245	0.207376058	0.2972047918	0.4449670743	0.4884667571	0.4878378378	0.2550356368	0.1996672213	0.3317619328	0.3910614525	0.4006659267	0.3885267275	0.4473684211	0.3250547845	0.3581429624	0.2057245081	0.4131274131	0.1926782274	0.3541125541	0.2815230961	0.3814627995	0.5168067227	0.310741688	0.3363782912	0.2291666667	0.2911255411	0.3485494881	0.2231213873	0.2760942761	0.3102885139	0.2782212087	0.3606237817	0.4835355286	0.4010416667	0.2826086957	0.3901234568	0.3367369589	0.3976628895	0.3426836322	0	0.3049562682	0.3899240856	0.2709627329	0.220005466	0.3401430031	0.3253638254	0.3705386113	0.4618644068	0.327523602	0.3768221574	0.3266932271	0.4211550941	0.2644230769	0.2468247248	0.2308178087	0.3858093126	0.4249027237	0.301843318	0.6022827041
